1;1;1;1217;1
2;1;2;6218;1
3;1;3;5905;1
4;1;4;3671;1
5;1;5;4998;1
6;1;6;1854;1
7;1;7;5245;1
8;2;1;4208;1
9;2;2;5042;1
10;2;3;5889;1
11;3;1;4232;1
12;3;2;1652;1
13;3;3;4455;1
14;4;1;944;1
15;5;1;6224;1
16;6;1;1302;1
17;6;2;1254;1
18;6;3;356;1
19;6;4;6524;1
20;6;5;988;1
21;6;6;1588;1
22;7;1;87;1
23;7;2;4394;1
24;8;1;3849;1
25;9;1;1404;1
26;9;2;6564;1
27;10;1;6768;1
28;10;2;3806;1
29;10;3;850;1
30;11;1;1410;1
31;11;2;4586;1
32;11;3;3556;1
33;12;1;5375;1
34;12;2;6497;1
35;12;3;2959;1
36;12;4;3619;1
37;12;5;5444;1
38;12;6;1827;1
39;12;7;224;1
40;12;8;2811;1
41;12;9;4282;1
42;12;10;4825;1
43;13;1;3936;1
44;13;2;2520;1
45;13;3;5083;1
46;14;1;4803;1
47;14;2;4434;4
48;15;1;4969;1
49;16;1;1811;1
50;17;1;5409;1
51;17;2;3271;1
52;18;1;4005;1
53;18;2;4251;1
54;18;3;5262;1
55;18;4;390;1
56;18;5;4738;3
57;18;6;5913;1
58;18;7;430;1
59;18;8;5076;1
60;18;9;139;1
61;19;1;3028;1
62;19;2;6798;1
63;20;1;5569;1
64;20;2;6144;1
65;20;3;1169;1
66;20;4;459;1
67;20;5;1728;1
68;20;6;340;1
69;20;7;5056;1
70;21;1;5844;1
71;21;2;4666;1
72;21;3;4789;1
73;22;1;2421;1
74;22;2;2323;1
75;22;3;6671;1
76;23;1;6201;1
77;23;2;5484;1
78;23;3;6204;1
79;24;1;2454;1
80;24;2;5087;1
81;24;3;6347;4
82;24;4;1117;1
83;24;5;4643;1
84;24;6;2912;1
85;24;7;5307;3
86;24;8;119;1
87;25;1;3719;1
88;25;2;796;1
89;25;3;5139;1
90;25;4;5394;1
91;25;5;2861;1
92;25;6;4242;1
93;25;7;2975;1
94;25;8;2116;1
95;25;9;4873;1
96;25;10;1350;1
97;26;1;2070;1
98;27;1;5700;1
99;28;1;3767;1
100;28;2;5250;1
101;29;1;6675;1
102;29;2;5213;1
103;30;1;3014;1
104;31;1;1321;1
105;31;2;4227;1
106;31;3;5587;1
107;32;1;3903;1
108;33;1;3293;1
109;33;2;783;1
110;33;3;6710;1
111;33;4;4156;1
112;34;1;4059;2
113;34;2;4206;1
114;35;1;2017;1
115;35;2;3506;1
116;35;3;5092;4
117;36;1;6480;1
118;36;2;6015;1
119;36;3;4121;1
120;36;4;1204;1
121;36;5;6565;1
122;37;1;1258;1
123;37;2;4396;1
124;38;1;3023;1
125;39;1;893;1
126;40;1;2382;1
127;40;2;6761;1
128;40;3;2099;1
129;41;1;938;1
130;41;2;247;1
131;41;3;1562;1
132;42;1;5798;1
133;43;1;4034;1
134;44;1;6630;1
135;44;2;2426;1
136;44;3;3117;1
137;44;4;44;2
138;44;5;1105;3
139;45;1;5450;1
140;45;2;1643;1
141;46;1;4037;1
142;46;2;3517;1
143;46;3;3269;1
144;46;4;5162;1
145;47;1;380;1
146;47;2;6259;1
147;47;3;1677;1
148;47;4;6098;1
149;47;5;3784;1
150;47;6;2710;1
151;47;7;2445;2
152;48;1;1653;1
153;49;1;5019;1
154;49;2;1065;1
155;50;1;1114;1
156;50;2;6609;1
157;51;1;6548;1
158;52;1;5540;1
159;52;2;5823;1
160;52;3;4294;1
161;52;4;4467;1
162;52;5;6114;1
163;53;1;1552;1
164;54;1;3062;1
165;55;1;459;1
166;55;2;964;1
167;55;3;5034;1
168;55;4;76;1
169;55;5;5800;1
170;56;1;6180;1
171;57;1;3548;1
172;57;2;4332;1
173;58;1;2791;1
174;59;1;5714;1
175;59;2;4901;1
176;59;3;1295;1
177;60;1;3637;1
178;61;1;1477;1
179;61;2;234;1
180;62;1;253;1
181;63;1;6758;1
182;63;2;5876;1
183;63;3;6086;1
184;63;4;6334;1
185;63;5;828;1
186;63;6;5408;1
187;64;1;6336;1
188;64;2;6129;4
189;65;1;4865;1
190;65;2;511;1
191;65;3;3642;1
192;66;1;4330;1
193;66;2;1434;1
194;66;3;6556;1
195;66;4;5032;1
196;66;5;3788;1
197;67;1;844;1
198;67;2;6146;1
199;67;3;706;1
200;68;1;1593;1
201;68;2;4636;1
202;68;3;1529;1
203;69;1;3300;1
204;69;2;3500;1
205;69;3;1431;1
206;70;1;5392;1
207;70;2;5996;1
208;71;1;6339;1
209;72;1;388;1
210;73;1;5900;1
211;74;1;2585;1
212;74;2;795;1
213;74;3;5641;1
214;75;1;2699;1
215;75;2;1716;1
216;75;3;6403;1
217;75;4;43;1
218;76;1;4187;1
219;76;2;1109;1
220;77;1;5519;1
221;77;2;386;1
222;77;3;4371;1
223;78;1;5280;1
224;78;2;521;1
225;78;3;1791;1
226;78;4;6364;1
227;78;5;273;1
228;78;6;6316;1
229;78;7;5;1
230;78;8;1941;1
231;78;9;600;1
232;79;1;2817;1
233;79;2;1120;1
234;80;1;2889;1
235;80;2;6621;1
236;80;3;1269;1
237;80;4;4020;1
238;81;1;227;1
239;81;2;2087;1
240;81;3;3050;1
241;81;4;5600;1
242;82;1;1024;1
243;82;2;3776;1
244;83;1;3511;1
245;83;2;6085;1
246;83;3;6653;1
247;83;4;5535;1
248;83;5;4610;1
249;83;6;957;1
250;83;7;3612;1
251;84;1;4165;1
252;85;1;940;2
253;86;1;1586;1
254;87;1;5639;1
255;87;2;6329;1
256;87;3;1310;1
257;88;1;763;4
258;89;1;3250;1
259;89;2;2956;1
260;90;1;6421;1
261;91;1;2308;1
262;91;2;5055;1
263;92;1;232;1
264;92;2;4902;1
265;92;3;4877;1
266;92;4;2337;1
267;92;5;6209;1
268;92;6;1261;1
269;92;7;5128;1
270;92;8;797;1
271;93;1;1753;1
272;93;2;1119;1
273;93;3;3067;1
274;93;4;4281;1
275;94;1;4676;1
276;94;2;1349;1
277;95;1;1364;3
278;95;2;3087;1
279;95;3;1037;1
280;96;1;2012;1
281;96;2;4580;1
282;96;3;1061;1
283;97;1;1888;1
284;98;1;881;1
285;98;2;4863;3
286;98;3;5175;1
287;98;4;1133;1
288;98;5;6326;1
289;98;6;6270;1
290;98;7;1174;1
291;99;1;1190;1
292;99;2;1761;1
293;99;3;4431;1
294;100;1;2972;1
295;100;2;3285;1
296;100;3;1772;1
297;100;4;4227;1
298;100;5;1522;1
299;100;6;1157;1
300;101;1;1514;1
301;101;2;3378;1
302;101;3;6464;1
303;102;1;5887;1
304;102;2;4154;1
305;102;3;5975;1
306;103;1;4785;1
307;103;2;847;1
308;104;1;5152;1
309;104;2;1691;1
310;105;1;1678;1
311;105;2;763;1
312;106;1;1353;1
313;106;2;3262;1
314;107;1;4475;1
315;108;1;1691;1
316;108;2;4895;1
317;109;1;6045;1
318;109;2;1808;1
319;109;3;488;1
320;109;4;5071;1
321;109;5;3926;1
322;110;1;5231;1
323;111;1;1071;1
324;111;2;5424;1
325;112;1;2808;1
326;112;2;5497;1
327;113;1;3536;1
328;113;2;6050;3
329;113;3;4227;2
330;114;1;728;1
331;115;1;1398;1
332;115;2;4316;1
333;115;3;6748;1
334;115;4;3736;1
335;115;5;28;1
336;115;6;951;1
337;116;1;6745;1
338;116;2;1547;2
339;117;1;1210;1
340;117;2;4479;1
341;117;3;3174;1
342;117;4;2962;1
343;118;1;566;1
344;118;2;5552;1
345;118;3;166;1
346;119;1;4526;1
347;120;1;5478;1
348;120;2;4256;1
349;120;3;412;1
350;120;4;4084;1
351;120;5;726;1
352;121;1;3341;1
353;121;2;1537;1
354;121;3;416;1
355;121;4;4171;1
356;121;5;3017;1
357;122;1;6167;1
358;122;2;948;1
359;122;3;1705;1
360;123;1;1341;1
361;123;2;6312;1
362;124;1;4005;1
363;124;2;2476;1
364;125;1;4726;1
365;126;1;3295;1
366;126;2;3851;1
367;126;3;708;1
368;127;1;2689;1
369;127;2;4395;1
370;127;3;1156;1
371;128;1;1227;1
372;128;2;4705;1
373;128;3;6710;1
374;128;4;6268;1
375;129;1;4625;1
376;129;2;2953;1
377;130;1;5506;1
378;131;1;6368;1
379;131;2;4969;1
380;131;3;482;1
381;131;4;3505;1
382;132;1;6635;1
383;132;2;2255;1
384;132;3;5206;1
385;132;4;1342;1
386;133;1;920;1
387;134;1;3562;1
388;134;2;6770;1
389;134;3;2987;1
390;134;4;3764;1
391;135;1;3507;1
392;135;2;4845;1
393;136;1;2058;1
394;136;2;1471;1
395;137;1;1366;1
396;137;2;5742;1
397;138;1;3571;1
398;139;1;2189;1
399;140;1;1316;1
400;140;2;5822;2
401;140;3;5890;1
402;141;1;153;1
403;141;2;5720;1
404;141;3;634;1
405;142;1;6583;1
406;142;2;2091;1
407;143;1;6771;1
408;143;2;222;1
409;144;1;4974;1
410;144;2;4210;1
411;144;3;2353;1
412;145;1;4679;1
413;145;2;2276;1
414;146;1;2547;1
415;146;2;5407;1
416;146;3;4854;1
417;146;4;5105;1
418;147;1;1032;1
419;147;2;5378;1
420;148;1;4536;1
421;148;2;3414;4
422;148;3;3767;1
423;148;4;2595;1
424;148;5;5240;1
425;149;1;2119;1
426;149;2;5074;1
427;149;3;1816;1
428;149;4;491;1
429;150;1;3323;1
430;150;2;1240;1
431;150;3;1599;1
432;151;1;3245;1
433;151;2;6765;1
434;151;3;255;1
435;152;1;6062;1
436;152;2;38;1
437;153;1;2171;1
438;153;2;3517;4
439;153;3;372;1
440;153;4;4563;1
441;153;5;4990;1
442;153;6;3531;1
443;153;7;2408;1
444;153;8;2696;1
445;154;1;4437;1
446;154;2;1918;1
447;155;1;1097;1
448;155;2;1206;1
449;155;3;4039;1
450;156;1;2449;1
451;156;2;406;1
452;157;1;5347;1
453;157;2;5102;2
454;158;1;411;2
455;158;2;3305;1
456;158;3;295;1
457;158;4;6383;1
458;158;5;184;1
459;158;6;1997;1
460;159;1;3319;1
461;160;1;5492;1
462;161;1;1810;1
463;161;2;2204;1
464;161;3;3797;1
465;161;4;2091;1
466;161;5;6015;1
467;162;1;3071;1
468;163;1;3516;1
469;164;1;4220;1
470;164;2;738;1
471;164;3;2930;1
472;164;4;243;4
473;164;5;3867;1
474;164;6;4842;1
475;164;7;3203;1
476;165;1;6458;1
477;165;2;6201;1
478;166;1;2852;1
479;166;2;1001;1
480;167;1;5551;1
481;167;2;339;1
482;167;3;587;1
483;168;1;894;1
484;169;1;5387;1
485;170;1;1691;1
486;170;2;2934;1
487;170;3;5825;1
488;171;1;1353;1
489;171;2;2729;1
490;172;1;4437;1
491;172;2;3935;1
492;172;3;6704;1
493;172;4;1695;1
494;172;5;6352;1
495;173;1;5099;1
496;173;2;6782;1
497;174;1;1924;1
498;174;2;5927;1
499;175;1;5128;1
500;175;2;5952;1
501;175;3;5348;1
502;176;1;1379;1
503;176;2;1103;1
504;176;3;4610;1
505;176;4;5407;1
506;176;5;1378;1
507;176;6;4977;1
508;176;7;25;1
509;177;1;6359;1
510;178;1;2528;1
511;178;2;5125;1
512;178;3;1876;1
513;179;1;5253;1
514;179;2;343;1
515;179;3;4738;1
516;180;1;1403;1
517;180;2;1882;1
518;180;3;3133;1
519;181;1;6215;1
520;181;2;3588;1
521;182;1;2089;1
522;182;2;3056;1
523;182;3;1389;1
524;183;1;3173;1
525;183;2;3583;1
526;184;1;2875;1
527;184;2;2073;1
528;184;3;298;1
529;184;4;464;1
530;184;5;3162;1
531;184;6;1169;1
532;184;7;816;1
533;185;1;5747;1
534;185;2;162;1
535;185;3;5227;1
536;185;4;3591;1
537;185;5;4796;1
538;185;6;844;1
539;185;7;6170;1
540;186;1;2851;1
541;186;2;5205;1
542;187;1;2975;1
543;187;2;359;1
544;188;1;2707;1
545;188;2;3852;1
546;188;3;2748;1
547;189;1;3995;1
548;189;2;3749;1
549;189;3;5722;4
550;190;1;2838;1
551;190;2;5595;1
552;190;3;5179;1
553;190;4;6620;1
554;191;1;6258;1
555;191;2;2655;1
556;191;3;2098;1
557;192;1;5634;1
558;192;2;6090;1
559;193;1;1401;1
560;193;2;3248;1
561;193;3;3803;1
562;194;1;1157;1
563;194;2;5890;4
564;194;3;1249;1
565;194;4;2195;1
566;195;1;2828;1
567;196;1;5579;1
568;197;1;3463;1
569;197;2;2776;1
570;198;1;1587;1
571;199;1;5584;1
572;200;1;2220;1
573;200;2;4433;1
574;201;1;2172;1
575;201;2;4195;1
576;202;1;6505;1
577;202;2;2916;1
578;203;1;3665;1
579;203;2;5381;1
580;203;3;3788;1
581;204;1;1021;1
582;204;2;208;1
583;204;3;3609;1
584;205;1;2159;1
585;205;2;4632;1
586;205;3;964;1
587;205;4;949;1
588;205;5;5408;1
589;205;6;927;1
590;206;1;3335;1
591;207;1;608;1
592;208;1;5622;1
593;208;2;5387;1
594;208;3;5514;1
595;209;1;3815;1
596;210;1;2728;1
597;210;2;6779;1
598;210;3;5823;1
599;211;1;3973;1
600;211;2;4900;1
601;211;3;5415;1
602;211;4;6078;1
603;211;5;4897;1
604;211;6;3093;1
605;211;7;4979;1
606;211;8;1405;1
607;211;9;825;1
608;212;1;4110;1
609;212;2;1139;1
610;212;3;768;1
611;213;1;2479;1
612;213;2;3476;1
613;214;1;2325;1
614;214;2;842;1
615;214;3;1892;1
616;215;1;150;1
617;215;2;2373;1
618;215;3;4451;1
619;216;1;1479;1
620;217;1;3519;1
621;217;2;4787;1
622;218;1;2751;1
623;218;2;3738;1
624;218;3;6101;1
625;218;4;3833;1
626;218;5;1848;1
627;219;1;5891;1
628;219;2;2953;1
629;219;3;6023;1
630;220;1;6613;1
631;221;1;6462;1
632;221;2;5205;1
633;221;3;2975;1
634;222;1;6706;1
635;222;2;937;1
636;222;3;1224;2
637;222;4;5637;1
638;222;5;2984;1
639;222;6;149;1
640;222;7;488;1
641;223;1;3607;1
642;224;1;1024;1
643;225;1;5002;1
644;226;1;1169;1
645;226;2;6593;1
646;226;3;1212;1
647;227;1;6250;1
648;228;1;6230;1
649;229;1;4900;1
650;229;2;2661;1
651;229;3;2050;1
652;230;1;3691;1
653;230;2;3374;1
654;230;3;1491;1
655;231;1;3820;1
656;231;2;2236;1
657;231;3;610;1
658;232;1;316;1
659;233;1;2587;1
660;233;2;1467;1
661;233;3;5731;1
662;233;4;1540;1
663;233;5;4706;1
664;233;6;5383;1
665;233;7;338;1
666;234;1;1542;1
667;234;2;1477;1
668;234;3;4488;1
669;235;1;260;1
670;235;2;6788;1
671;236;1;4406;1
672;236;2;5829;1
673;237;1;5097;1
674;237;2;6561;1
675;238;1;6437;1
676;239;1;5064;1
677;240;1;706;1
678;241;1;285;1
679;242;1;5741;1
680;243;1;4841;1
681;244;1;1776;1
682;244;2;4665;1
683;245;1;2754;1
684;245;2;4544;1
685;246;1;4272;1
686;246;2;3671;1
687;247;1;2703;1
688;247;2;193;1
689;247;3;335;1
690;247;4;2106;1
691;247;5;2252;1
692;247;6;6552;1
693;247;7;5680;1
694;247;8;303;1
695;247;9;3567;1
696;248;1;5731;1
697;248;2;4820;1
698;248;3;2552;1
699;249;1;4647;1
700;249;2;5240;1
701;250;1;3078;1
702;250;2;2362;1
703;250;3;3899;1
704;250;4;3083;1
705;250;5;1552;1
706;250;6;1155;1
707;250;7;6490;1
708;250;8;197;1
709;250;9;2284;1
710;251;1;2107;1
711;251;2;1835;1
712;252;1;1598;1
713;253;1;5159;1
714;253;2;89;1
715;253;3;3171;2
716;254;1;2125;1
717;254;2;5650;1
718;255;1;858;1
719;255;2;5869;1
720;256;1;4474;1
721;256;2;1364;1
722;256;3;4780;1
723;257;1;5787;1
724;257;2;2347;1
725;258;1;6435;1
726;258;2;2678;1
727;259;1;5099;1
728;259;2;3969;1
729;260;1;553;1
730;260;2;2359;1
731;260;3;457;1
732;261;1;4869;1
733;261;2;1436;1
734;262;1;5252;4
735;262;2;3614;1
736;262;3;5441;1
737;262;4;6689;1
738;262;5;140;1
739;262;6;3720;1
740;262;7;5855;1
741;263;1;4835;1
742;263;2;1738;1
743;264;1;3900;1
744;264;2;2057;1
745;265;1;72;1
746;265;2;2378;1
747;265;3;256;1
748;265;4;5141;1
749;265;5;2883;1
750;265;6;1968;1
751;265;7;137;1
752;266;1;823;1
753;267;1;5973;1
754;267;2;5384;1
755;267;3;4156;1
756;267;4;720;1
757;267;5;6683;1
758;268;1;643;1
759;268;2;5856;1
760;269;1;26;1
761;270;1;1847;1
762;270;2;771;1
763;270;3;6043;1
764;271;1;5510;1
765;271;2;4635;1
766;271;3;6752;1
767;272;1;2143;1
768;272;2;4876;1
769;272;3;2664;1
770;273;1;4474;1
771;273;2;1517;1
772;273;3;5910;1
773;273;4;5771;1
774;273;5;4947;1
775;273;6;5173;1
776;273;7;73;4
777;274;1;2169;1
778;274;2;4774;4
779;275;1;5446;1
780;276;1;5325;1
781;277;1;6002;1
782;277;2;5170;1
783;278;1;4703;1
784;278;2;125;1
785;278;3;6669;1
786;278;4;34;1
787;278;5;63;1
788;279;1;3654;1
789;280;1;3613;1
790;280;2;3415;1
791;281;1;88;1
792;281;2;5148;1
793;281;3;8;1
794;282;1;6747;1
795;283;1;4475;1
796;283;2;5476;1
797;284;1;2299;1
798;284;2;1243;1
799;284;3;412;2
800;285;1;5366;1
801;286;1;4023;1
802;286;2;6030;1
803;286;3;2178;1
804;287;1;2709;1
805;287;2;4415;1
806;287;3;3874;1
807;288;1;3748;1
808;288;2;125;1
809;288;3;4399;1
810;288;4;1256;1
811;289;1;793;1
812;290;1;4137;1
813;291;1;1683;1
814;291;2;3287;1
815;291;3;714;1
816;292;1;3762;1
817;292;2;5811;1
818;292;3;3548;1
819;293;1;5949;1
820;294;1;5374;2
821;295;1;4278;1
822;295;2;5606;1
823;295;3;1371;1
824;296;1;1594;1
825;297;1;6321;1
826;297;2;6687;1
827;298;1;869;1
828;298;2;2850;1
829;298;3;6726;1
830;298;4;6679;1
831;298;5;2792;1
832;299;1;629;1
833;299;2;575;1
834;300;1;2048;1
835;300;2;5563;1
836;301;1;3041;1
837;301;2;6515;1
838;301;3;6348;1
839;302;1;2796;1
840;302;2;71;1
841;303;1;3331;1
842;303;2;4542;1
843;303;3;6236;4
844;303;4;687;1
845;303;5;4771;1
846;303;6;4828;1
847;303;7;1052;1
848;303;8;227;1
849;304;1;3781;1
850;304;2;4951;1
851;304;3;258;1
852;305;1;6580;1
853;306;1;3286;1
854;306;2;3600;1
855;306;3;2696;1
856;307;1;1573;1
857;307;2;6057;1
858;307;3;4960;1
859;307;4;1227;1
860;307;5;6416;1
861;308;1;4088;1
862;308;2;575;1
863;309;1;702;4
864;309;2;507;1
865;309;3;4684;1
866;310;1;4706;1
867;310;2;1617;1
868;310;3;4565;1
869;310;4;6019;1
870;310;5;4419;1
871;310;6;3232;1
872;311;1;5566;1
873;311;2;3069;1
874;311;3;5931;2
875;312;1;5950;1
876;312;2;6315;1
877;313;1;375;3
878;313;2;5590;1
879;314;1;5311;1
880;315;1;3632;3
881;316;1;4799;1
882;316;2;3931;1
883;317;1;1863;1
884;317;2;1760;1
885;318;1;5633;1
886;318;2;2610;1
887;319;1;1753;1
888;319;2;1749;1
889;319;3;393;1
890;319;4;644;1
891;320;1;4316;1
892;320;2;1489;1
893;320;3;3194;1
894;321;1;2782;1
895;321;2;3954;1
896;322;1;4658;1
897;322;2;5611;1
898;322;3;345;1
899;323;1;4741;1
900;324;1;6034;1
901;324;2;747;1
902;325;1;961;1
903;325;2;4756;1
904;325;3;2144;1
905;326;1;1111;1
906;326;2;3553;1
907;326;3;1727;1
908;327;1;5886;1
909;327;2;3339;1
910;328;1;6424;1
911;328;2;3678;1
912;329;1;844;1
913;329;2;5581;1
914;330;1;3619;1
915;330;2;56;1
916;331;1;4973;1
917;331;2;6193;1
918;331;3;610;1
919;331;4;6379;1
920;331;5;419;1
921;331;6;6430;1
922;331;7;3256;1
923;332;1;6202;1
924;332;2;952;1
925;332;3;5910;1
926;332;4;524;1
927;332;5;1346;1
928;333;1;5573;1
929;333;2;1887;3
930;334;1;1192;1
931;334;2;1450;1
932;334;3;4283;1
933;335;1;3288;1
934;336;1;5561;1
935;336;2;4340;1
936;336;3;4729;1
937;336;4;4115;1
938;336;5;3964;1
939;336;6;5290;1
940;336;7;3331;1
941;337;1;1309;1
942;338;1;2210;1
943;339;1;4172;1
944;339;2;1565;1
945;339;3;4052;1
946;339;4;1954;1
947;339;5;2834;1
948;339;6;1368;1
949;339;7;2028;1
950;340;1;2731;1
951;341;1;3542;4
952;341;2;1308;1
953;341;3;1601;1
954;342;1;4867;1
955;343;1;3346;1
956;343;2;4703;1
957;343;3;1137;1
958;344;1;2629;1
959;345;1;3477;1
960;345;2;505;1
961;345;3;362;1
962;346;1;4589;1
963;346;2;4733;1
964;346;3;2718;1
965;346;4;3648;1
966;346;5;4378;1
967;347;1;4399;1
968;348;1;6106;1
969;349;1;1306;1
970;350;1;4338;1
971;350;2;5495;3
972;350;3;2098;1
973;351;1;2980;1
974;351;2;522;1
975;351;3;1837;1
976;351;4;1566;1
977;351;5;915;1
978;351;6;5073;1
979;351;7;1781;1
980;351;8;5377;1
981;352;1;6640;1
982;352;2;3805;1
983;352;3;2743;1
984;352;4;4481;1
985;352;5;3061;1
986;352;6;2283;1
987;352;7;6727;1
988;353;1;5818;1
989;353;2;1513;1
990;353;3;3158;1
991;354;1;4524;1
992;354;2;5366;1
993;354;3;2789;3
994;354;4;2827;1
995;354;5;3893;4
996;354;6;228;1
997;354;7;4488;1
998;354;8;3526;1
999;354;9;645;3
1000;354;10;3464;1
1001;355;1;1554;1
1002;356;1;5970;1
1003;357;1;4310;1
1004;358;1;4072;1
1005;359;1;2315;1
1006;360;1;6273;1
1007;361;1;4763;1
1008;361;2;5490;1
1009;361;3;4352;1
1010;361;4;801;1
1011;361;5;3510;1
1012;362;1;233;1
1013;363;1;4421;1
1014;363;2;4523;1
1015;363;3;3064;1
1016;363;4;1053;1
1017;363;5;669;1
1018;363;6;6635;1
1019;364;1;4561;1
1020;364;2;2049;1
1021;364;3;5005;1
1022;365;1;3520;1
1023;365;2;6335;1
1024;365;3;4280;1
1025;366;1;5778;1
1026;366;2;4203;1
1027;367;1;1166;1
1028;367;2;893;1
1029;368;1;1022;1
1030;368;2;4490;1
1031;368;3;4726;1
1032;369;1;323;1
1033;369;2;4800;1
1034;369;3;2648;1
1035;370;1;6592;1
1036;371;1;917;1
1037;371;2;6763;1
1038;371;3;1394;1
1039;371;4;1872;1
1040;371;5;3682;1
1041;371;6;3308;1
1042;371;7;5089;1
1043;372;1;4942;1
1044;372;2;926;1
1045;372;3;3280;1
1046;372;4;5551;1
1047;372;5;1683;1
1048;372;6;6233;2
1049;372;7;3489;1
1050;372;8;3991;1
1051;373;1;807;1
1052;373;2;4034;1
1053;373;3;742;1
1054;374;1;2077;1
1055;374;2;2797;1
1056;375;1;308;1
1057;375;2;5348;1
1058;375;3;6494;1
1059;376;1;150;1
1060;376;2;5865;1
1061;376;3;1116;1
1062;377;1;206;1
1063;377;2;3854;1
1064;378;1;4197;1
1065;378;2;5886;1
1066;378;3;5491;1
1067;379;1;5327;1
1068;379;2;45;1
1069;380;1;2684;1
1070;381;1;1553;1
1071;382;1;6568;1
1072;382;2;1844;1
1073;382;3;4214;1
1074;383;1;2625;3
1075;384;1;1338;1
1076;384;2;6;1
1077;384;3;6673;1
1078;384;4;5821;1
1079;384;5;1305;2
1080;385;1;1731;1
1081;385;2;4243;1
1082;385;3;1763;1
1083;386;1;552;1
1084;386;2;2580;1
1085;387;1;4286;1
1086;387;2;716;1
1087;388;1;4447;1
1088;389;1;3976;1
1089;389;2;4343;1
1090;389;3;6572;1
1091;390;1;5213;2
1092;390;2;1562;1
1093;390;3;4896;3
1094;390;4;4327;1
1095;390;5;1206;2
1096;391;1;248;1
1097;391;2;694;1
1098;391;3;1538;1
1099;391;4;6524;1
1100;391;5;3524;1
1101;392;1;2981;1
1102;392;2;6382;1
1103;392;3;1943;1
1104;393;1;5258;1
1105;393;2;3513;1
1106;394;1;6752;1
1107;394;2;3630;1
1108;394;3;5559;1
1109;395;1;906;1
1110;395;2;2057;1
1111;396;1;3392;1
1112;396;2;4170;1
1113;396;3;4537;1
1114;396;4;766;1
1115;396;5;4316;1
1116;397;1;2462;1
1117;398;1;5565;1
1118;398;2;2543;1
1119;399;1;4081;1
1120;399;2;4288;1
1121;399;3;1563;1
1122;399;4;4261;1
1123;399;5;4956;1
1124;399;6;3285;1
1125;400;1;5896;1
1126;400;2;2653;1
1127;401;1;134;1
1128;402;1;5025;1
1129;402;2;1131;1
1130;402;3;520;1
1131;402;4;3035;1
1132;402;5;3413;1
1133;402;6;82;1
1134;402;7;5810;1
1135;403;1;4799;1
1136;403;2;6557;1
1137;404;1;1684;1
1138;404;2;4753;1
1139;405;1;767;2
1140;405;2;555;1
1141;405;3;6005;1
1142;406;1;217;1
1143;406;2;4998;1
1144;406;3;5968;1
1145;406;4;2028;1
1146;406;5;3670;1
1147;406;6;4471;1
1148;407;1;290;1
1149;407;2;1921;1
1150;407;3;5669;1
1151;407;4;668;1
1152;407;5;3644;1
1153;408;1;6403;1
1154;408;2;6219;1
1155;408;3;3380;1
1156;409;1;3172;1
1157;409;2;4140;1
1158;409;3;2239;1
1159;410;1;5374;1
1160;410;2;3394;1
1161;410;3;995;1
1162;410;4;3986;1
1163;410;5;3592;1
1164;410;6;5622;1
1165;410;7;203;1
1166;410;8;2777;1
1167;410;9;3762;1
1168;410;10;5027;1
1169;411;1;3345;1
1170;411;2;1750;1
1171;411;3;41;1
1172;412;1;1049;1
1173;412;2;851;1
1174;412;3;4953;1
1175;413;1;1084;1
1176;413;2;2538;1
1177;414;1;5241;1
1178;414;2;376;1
1179;414;3;4092;1
1180;415;1;2551;1
1181;415;2;1246;1
1182;416;1;5073;1
1183;416;2;2980;1
1184;416;3;3674;1
1185;417;1;3976;1
1186;418;1;2880;1
1187;418;2;383;1
1188;418;3;161;1
1189;418;4;1596;1
1190;418;5;4694;1
1191;418;6;5073;1
1192;419;1;2819;1
1193;420;1;6008;1
1194;420;2;3738;1
1195;421;1;5897;4
1196;421;2;4544;1
1197;422;1;6415;1
1198;422;2;422;1
1199;423;1;3469;1
1200;423;2;4714;1
1201;423;3;2745;1
1202;423;4;6322;1
1203;423;5;140;1
1204;424;1;6622;1
1205;424;2;6199;1
1206;424;3;5780;1
1207;424;4;6206;1
1208;424;5;2943;1
1209;424;6;1788;1
1210;425;1;3928;1
1211;425;2;2618;1
1212;425;3;248;1
1213;426;1;4579;1
1214;426;2;4755;4
1215;426;3;4699;1
1216;426;4;1090;1
1217;426;5;1982;1
1218;426;6;637;1
1219;426;7;4185;1
1220;426;8;5487;1
1221;427;1;6016;1
1222;427;2;4841;1
1223;427;3;2235;1
1224;427;4;6476;1
1225;427;5;2464;1
1226;427;6;5082;1
1227;427;7;2181;1
1228;427;8;3968;1
1229;428;1;1743;1
1230;428;2;1794;1
1231;429;1;1381;1
1232;430;1;2280;1
1233;430;2;1404;1
1234;430;3;823;1
1235;431;1;2382;2
1236;431;2;2539;1
1237;431;3;5719;1
1238;432;1;5306;1
1239;432;2;5387;1
1240;432;3;3883;1
1241;432;4;5355;2
1242;432;5;1822;4
1243;432;6;4053;1
1244;432;7;6075;1
1245;433;1;417;1
1246;434;1;1682;1
1247;434;2;5301;1
1248;434;3;352;1
1249;434;4;291;1
1250;435;1;1305;1
1251;436;1;392;1
1252;436;2;4426;1
1253;436;3;6604;1
1254;436;4;2275;1
1255;436;5;5001;1
1256;436;6;3711;1
1257;436;7;583;1
1258;436;8;145;1
1259;436;9;192;1
1260;436;10;1907;4
1261;437;1;265;1
1262;437;2;5320;1
1263;437;3;3956;3
1264;437;4;1702;1
1265;437;5;4034;1
1266;437;6;6165;1
1267;438;1;6556;1
1268;439;1;4468;1
1269;439;2;4421;1
1270;440;1;5321;1
1271;440;2;3986;1
1272;440;3;3717;1
1273;441;1;338;1
1274;441;2;3527;1
1275;441;3;2018;1
1276;442;1;279;1
1277;442;2;167;1
1278;442;3;1438;1
1279;442;4;4834;1
1280;442;5;1988;1
1281;442;6;4308;1
1282;443;1;538;1
1283;443;2;3886;1
1284;443;3;6295;1
1285;444;1;1634;1
1286;444;2;4082;1
1287;444;3;2195;1
1288;445;1;3036;4
1289;445;2;1528;3
1290;445;3;1723;1
1291;445;4;5723;1
1292;445;5;1041;1
1293;445;6;2964;1
1294;445;7;2829;1
1295;445;8;4013;1
1296;446;1;1619;1
1297;446;2;4251;1
1298;446;3;914;1
1299;446;4;2245;1
1300;447;1;116;1
1301;448;1;4472;2
1302;448;2;4811;1
1303;448;3;3117;1
1304;449;1;4826;1
1305;449;2;5392;1
1306;449;3;3920;1
1307;450;1;3379;1
1308;450;2;3476;1
1309;450;3;5046;1
1310;451;1;6389;1
1311;452;1;3264;1
1312;453;1;591;3
1313;454;1;1668;1
1314;454;2;1739;1
1315;454;3;3223;1
1316;455;1;4159;1
1317;455;2;4284;1
1318;456;1;3200;1
1319;456;2;4788;1
1320;456;3;1350;1
1321;457;1;909;1
1322;457;2;516;1
1323;458;1;1879;1
1324;459;1;394;1
1325;460;1;1894;1
1326;460;2;4365;1
1327;461;1;49;1
1328;462;1;4545;1
1329;462;2;3990;1
1330;462;3;2891;1
1331;463;1;4927;1
1332;463;2;1053;1
1333;463;3;2490;1
1334;463;4;2065;1
1335;463;5;2299;1
1336;463;6;1106;1
1337;463;7;3094;1
1338;463;8;1233;1
1339;463;9;2527;1
1340;464;1;20;1
1341;464;2;4864;1
1342;464;3;3183;1
1343;464;4;1357;1
1344;465;1;1480;1
1345;465;2;2660;1
1346;466;1;261;1
1347;466;2;3005;1
1348;466;3;425;1
1349;466;4;2644;1
1350;467;1;3827;1
1351;467;2;1055;1
1352;467;3;501;1
1353;467;4;6074;2
1354;468;1;5719;1
1355;468;2;1608;1
1356;468;3;2881;1
1357;468;4;4007;1
1358;468;5;6040;1
1359;468;6;5237;1
1360;469;1;1674;1
1361;469;2;4926;1
1362;469;3;3161;1
1363;470;1;3896;1
1364;470;2;3554;1
1365;470;3;2348;1
1366;471;1;3992;1
1367;471;2;2497;1
1368;471;3;3282;1
1369;472;1;3501;1
1370;472;2;6624;3
1371;472;3;3274;1
1372;472;4;2894;1
1373;472;5;407;3
1374;472;6;2709;1
1375;472;7;2460;1
1376;472;8;6285;1
1377;473;1;3278;1
1378;474;1;719;4
1379;474;2;1925;1
1380;474;3;4272;1
1381;475;1;5778;1
1382;476;1;658;1
1383;476;2;416;1
1384;476;3;2187;1
1385;477;1;3980;1
1386;477;2;6638;1
1387;477;3;6144;1
1388;478;1;6519;1
1389;478;2;6592;1
1390;478;3;4265;1
1391;478;4;4329;1
1392;478;5;4918;1
1393;478;6;5114;1
1394;478;7;2214;1
1395;478;8;5717;1
1396;478;9;570;1
1397;478;10;1111;1
1398;479;1;2664;1
1399;480;1;1170;1
1400;480;2;3112;1
1401;480;3;1828;1
1402;480;4;3615;1
1403;481;1;4642;1
1404;481;2;6288;1
1405;481;3;6257;1
1406;482;1;3961;1
1407;482;2;1796;1
1408;483;1;6430;1
1409;484;1;409;1
1410;485;1;2933;2
1411;486;1;5014;1
1412;487;1;4616;1
1413;487;2;2043;1
1414;488;1;1656;1
1415;488;2;3138;1
1416;488;3;5139;1
1417;489;1;4131;1
1418;490;1;621;1
1419;490;2;3528;2
1420;491;1;677;1
1421;491;2;351;1
1422;491;3;363;1
1423;491;4;4354;3
1424;491;5;3047;1
1425;492;1;3342;1
1426;492;2;4203;1
1427;492;3;4314;1
1428;492;4;5005;1
1429;492;5;2580;1
1430;492;6;1577;1
1431;493;1;4794;4
1432;493;2;411;1
1433;493;3;1465;1
1434;494;1;1510;1
1435;494;2;5046;1
1436;494;3;1831;1
1437;494;4;3936;1
1438;495;1;140;1
1439;495;2;862;4
1440;496;1;401;1
1441;496;2;421;3
1442;496;3;3896;1
1443;496;4;4609;1
1444;496;5;4075;1
1445;496;6;2275;1
1446;496;7;3619;1
1447;497;1;370;1
1448;497;2;3657;1
1449;498;1;6569;2
1450;498;2;4181;1
1451;498;3;2986;1
1452;499;1;3512;1
1453;500;1;4904;4
1454;500;2;3103;4
1455;501;1;4971;1
1456;502;1;125;1
1457;502;2;5937;1
1458;502;3;3311;1
1459;503;1;4312;1
1460;503;2;6191;1
1461;504;1;1000;1
1462;504;2;2890;1
1463;505;1;3004;1
1464;505;2;1434;1
1465;505;3;5742;1
1466;505;4;214;1
1467;505;5;3891;1
1468;506;1;1525;1
1469;506;2;2315;1
1470;506;3;1102;1
1471;506;4;1127;1
1472;506;5;2924;1
1473;506;6;4612;1
1474;507;1;2158;1
1475;507;2;3981;1
1476;508;1;4215;1
1477;509;1;3352;1
1478;509;2;1339;1
1479;509;3;1304;2
1480;510;1;2501;1
1481;510;2;103;1
1482;510;3;5768;1
1483;511;1;5720;1
1484;511;2;1781;1
1485;511;3;5228;1
1486;512;1;66;1
1487;512;2;4182;1
1488;513;1;4589;1
1489;513;2;1611;1
1490;514;1;5791;1
1491;514;2;3666;1
1492;514;3;4818;1
1493;515;1;4799;1
1494;516;1;2847;1
1495;516;2;1385;4
1496;517;1;1499;1
1497;517;2;971;1
1498;517;3;2036;1
1499;517;4;2114;1
1500;517;5;3934;1
1501;518;1;732;1
1502;518;2;6435;1
1503;519;1;5665;1
1504;519;2;6704;1
1505;519;3;5187;1
1506;520;1;1200;1
1507;521;1;3511;1
1508;521;2;1612;1
1509;522;1;3717;1
1510;523;1;33;1
1511;524;1;2626;1
1512;524;2;2063;1
1513;525;1;3548;1
1514;525;2;2237;1
1515;525;3;2690;1
1516;526;1;2205;1
1517;526;2;6610;1
1518;526;3;2965;1
1519;527;1;253;1
1520;527;2;4866;1
1521;528;1;1498;1
1522;528;2;2604;1
1523;529;1;2898;1
1524;530;1;4616;1
1525;530;2;1792;1
1526;531;1;1315;1
1527;531;2;6685;1
1528;531;3;6759;1
1529;532;1;71;1
1530;532;2;94;1
1531;533;1;762;1
1532;533;2;577;1
1533;533;3;4655;1
1534;533;4;4722;1
1535;533;5;6527;4
1536;533;6;5634;1
1537;533;7;5932;1
1538;534;1;1727;1
1539;534;2;3472;1
1540;535;1;2744;1
1541;535;2;3762;3
1542;536;1;4641;1
1543;536;2;4944;1
1544;537;1;6748;1
1545;537;2;2173;1
1546;537;3;1565;1
1547;537;4;196;1
1548;537;5;1419;1
1549;538;1;4579;1
1550;539;1;1331;1
1551;540;1;5726;1
1552;541;1;3398;1
1553;542;1;945;3
1554;542;2;4613;1
1555;542;3;2343;1
1556;542;4;1980;1
1557;542;5;5254;1
1558;542;6;5082;1
1559;542;7;244;1
1560;542;8;868;1
1561;542;9;4189;1
1562;542;10;890;1
1563;543;1;5215;1
1564;543;2;6183;1
1565;543;3;1217;1
1566;543;4;11;1
1567;543;5;6362;1
1568;543;6;6506;1
1569;543;7;6085;1
1570;543;8;2024;1
1571;543;9;4929;1
1572;544;1;3102;1
1573;544;2;1079;1
1574;544;3;4678;3
1575;545;1;3625;1
1576;546;1;5203;1
1577;547;1;2223;1
1578;547;2;2446;1
1579;548;1;5711;1
1580;548;2;669;1
1581;549;1;813;1
1582;549;2;846;1
1583;549;3;4927;1
1584;550;1;3982;1
1585;550;2;3404;1
1586;551;1;4679;1
1587;552;1;3552;1
1588;552;2;6683;1
1589;553;1;4917;1
1590;553;2;3684;1
1591;553;3;3272;1
1592;554;1;5913;1
1593;554;2;5868;1
1594;554;3;5419;1
1595;555;1;4467;1
1596;556;1;3955;1
1597;556;2;6184;1
1598;556;3;3815;1
1599;557;1;98;1
1600;557;2;4487;1
1601;557;3;58;1
1602;557;4;4575;1
1603;558;1;3259;1
1604;558;2;1993;1
1605;559;1;1589;1
1606;560;1;623;1
1607;560;2;4601;1
1608;560;3;1412;1
1609;561;1;1390;1
1610;561;2;5666;1
1611;562;1;1605;1
1612;563;1;1894;1
1613;563;2;1781;1
1614;564;1;2784;1
1615;564;2;5467;1
1616;564;3;2315;1
1617;564;4;5660;1
1618;565;1;4891;1
1619;566;1;6220;1
1620;566;2;4754;1
1621;566;3;419;1
1622;566;4;4441;1
1623;567;1;294;1
1624;568;1;3298;1
1625;568;2;2781;1
1626;568;3;585;1
1627;569;1;121;3
1628;569;2;4422;1
1629;569;3;4807;1
1630;569;4;4242;1
1631;569;5;4067;1
1632;569;6;1933;1
1633;569;7;4012;1
1634;570;1;1871;1
1635;571;1;3924;1
1636;572;1;6078;1
1637;573;1;4247;1
1638;573;2;1804;1
1639;573;3;6652;1
1640;574;1;3428;1
1641;574;2;4317;1
1642;574;3;2342;1
1643;575;1;4964;1
1644;575;2;2393;1
1645;575;3;812;1
1646;575;4;3597;1
1647;575;5;1730;4
1648;575;6;4152;4
1649;575;7;6174;1
1650;576;1;2648;1
1651;576;2;1347;1
1652;576;3;1949;1
1653;577;1;5962;1
1654;577;2;3697;1
1655;578;1;3486;1
1656;579;1;5088;1
1657;580;1;6529;1
1658;581;1;11;1
1659;581;2;6408;1
1660;582;1;4382;4
1661;583;1;6626;1
1662;583;2;1870;1
1663;583;3;2858;1
1664;584;1;2521;1
1665;585;1;2031;1
1666;585;2;6627;1
1667;586;1;4866;1
1668;587;1;2317;1
1669;587;2;4982;1
1670;587;3;4834;1
1671;588;1;4894;1
1672;588;2;33;1
1673;588;3;3577;1
1674;588;4;2609;1
1675;588;5;4897;1
1676;588;6;1005;1
1677;588;7;2702;1
1678;588;8;2423;1
1679;588;9;1350;1
1680;589;1;6465;1
1681;589;2;3246;1
1682;590;1;4622;1
1683;590;2;2025;1
1684;590;3;1574;1
1685;590;4;5776;1
1686;590;5;3464;1
1687;590;6;1463;1
1688;590;7;2656;4
1689;591;1;6057;1
1690;591;2;6464;1
1691;591;3;4661;1
1692;591;4;4182;1
1693;592;1;5287;1
1694;593;1;1607;1
1695;594;1;6440;1
1696;595;1;4361;1
1697;596;1;4540;1
1698;596;2;122;1
1699;596;3;4243;1
1700;597;1;2821;1
1701;598;1;4529;3
1702;599;1;3639;1
1703;600;1;6311;1
1704;600;2;6698;1
1705;600;3;1504;1
1706;601;1;1492;1
1707;602;1;3497;1
1708;602;2;3365;1
1709;603;1;6116;1
1710;604;1;3911;1
1711;604;2;5623;1
1712;604;3;5664;1
1713;605;1;1052;1
1714;605;2;2044;1
1715;605;3;59;1
1716;605;4;3439;1
1717;605;5;4106;4
1718;605;6;4156;1
1719;605;7;2173;1
1720;605;8;6502;1
1721;605;9;681;1
1722;605;10;249;1
1723;606;1;5306;1
1724;606;2;6285;1
1725;607;1;705;1
1726;607;2;3794;1
1727;607;3;2350;1
1728;608;1;4457;1
1729;608;2;3614;1
1730;608;3;853;1
1731;609;1;4557;1
1732;609;2;319;1
1733;610;1;3316;1
1734;610;2;4824;1
1735;610;3;6427;1
1736;610;4;4353;1
1737;610;5;5873;1
1738;611;1;2244;1
1739;611;2;2160;1
1740;612;1;5632;1
1741;613;1;5441;1
1742;614;1;1312;1
1743;614;2;253;1
1744;614;3;4630;1
1745;615;1;4395;1
1746;615;2;1914;1
1747;615;3;5079;1
1748;616;1;1405;1
1749;616;2;1382;1
1750;617;1;2598;1
1751;617;2;2795;1
1752;617;3;4375;1
1753;617;4;1919;1
1754;617;5;258;1
1755;618;1;506;1
1756;619;1;1080;1
1757;619;2;2586;1
1758;620;1;4810;1
1759;620;2;671;1
1760;620;3;6582;1
1761;621;1;1213;1
1762;622;1;1259;1
1763;622;2;491;1
1764;623;1;2309;1
1765;623;2;2422;1
1766;623;3;617;1
1767;623;4;4920;1
1768;624;1;1961;1
1769;625;1;3907;1
1770;625;2;1247;2
1771;626;1;619;1
1772;627;1;6064;1
1773;627;2;6168;1
1774;627;3;2980;1
1775;628;1;6156;1
1776;628;2;684;4
1777;628;3;34;1
1778;628;4;3711;1
1779;628;5;162;1
1780;628;6;6266;1
1781;629;1;6407;1
1782;629;2;2502;1
1783;629;3;4971;1
1784;629;4;2446;1
1785;629;5;2217;2
1786;629;6;395;1
1787;629;7;4628;1
1788;629;8;1134;1
1789;630;1;2672;1
1790;630;2;3471;1
1791;631;1;5138;1
1792;631;2;449;1
1793;632;1;6649;1
1794;632;2;5718;1
1795;633;1;5459;1
1796;633;2;2289;1
1797;634;1;646;1
1798;635;1;4264;1
1799;635;2;2207;1
1800;635;3;782;1
1801;635;4;365;1
1802;635;5;4456;1
1803;636;1;4922;4
1804;636;2;4146;1
1805;636;3;1523;1
1806;637;1;6254;1
1807;638;1;1270;1
1808;638;2;5617;1
1809;638;3;2390;1
1810;638;4;1295;1
1811;638;5;1825;1
1812;639;1;5577;1
1813;639;2;5876;3
1814;639;3;6464;1
1815;640;1;2029;4
1816;640;2;3502;1
1817;640;3;1943;1
1818;640;4;60;1
1819;640;5;3589;1
1820;640;6;2309;1
1821;640;7;4116;1
1822;641;1;3942;1
1823;642;1;597;3
1824;643;1;4476;1
1825;643;2;1371;1
1826;644;1;1060;1
1827;644;2;6233;1
1828;644;3;4054;1
1829;645;1;1877;1
1830;645;2;5580;1
1831;645;3;2606;1
1832;646;1;2567;1
1833;646;2;4862;1
1834;647;1;5961;1
1835;647;2;5304;1
1836;648;1;4002;1
1837;649;1;2895;1
1838;649;2;5645;1
1839;649;3;6580;3
1840;650;1;5778;1
1841;651;1;285;1
1842;651;2;6201;1
1843;652;1;1369;1
1844;652;2;562;1
1845;652;3;3424;1
1846;653;1;2945;1
1847;653;2;1094;1
1848;653;3;5567;1
1849;654;1;1404;1
1850;654;2;4489;4
1851;654;3;3544;1
1852;654;4;3584;1
1853;654;5;6102;1
1854;655;1;4466;1
1855;655;2;3832;1
1856;655;3;3558;1
1857;655;4;1670;1
1858;655;5;5106;1
1859;655;6;4600;1
1860;655;7;4750;1
1861;655;8;4885;1
1862;655;9;6721;1
1863;655;10;2294;1
1864;656;1;2120;1
1865;656;2;207;1
1866;656;3;5108;1
1867;656;4;1710;1
1868;656;5;3020;1
1869;656;6;4765;1
1870;656;7;1673;1
1871;657;1;1815;1
1872;657;2;6531;1
1873;657;3;5112;1
1874;657;4;3670;1
1875;657;5;4765;1
1876;657;6;5450;1
1877;657;7;744;1
1878;658;1;5550;1
1879;658;2;4409;1
1880;659;1;3203;1
1881;660;1;479;1
1882;660;2;19;1
1883;660;3;3188;1
1884;661;1;5199;1
1885;661;2;3533;1
1886;661;3;6606;1
1887;661;4;4757;1
1888;661;5;4329;1
1889;661;6;2725;1
1890;661;7;4364;1
1891;661;8;4233;4
1892;661;9;3969;1
1893;662;1;629;1
1894;662;2;2169;1
1895;663;1;5396;1
1896;663;2;6423;1
1897;664;1;109;1
1898;665;1;4837;1
1899;665;2;5280;1
1900;665;3;4140;1
1901;666;1;2179;2
1902;666;2;2714;1
1903;667;1;831;1
1904;667;2;3921;1
1905;668;1;3436;1
1906;668;2;1863;1
1907;668;3;3569;1
1908;668;4;6204;3
1909;668;5;2942;1
1910;668;6;3276;1
1911;668;7;3677;1
1912;668;8;5966;1
1913;668;9;2464;1
1914;669;1;4431;1
1915;669;2;173;4
1916;669;3;4055;1
1917;670;1;4212;1
1918;670;2;2238;1
1919;670;3;545;1
1920;671;1;687;1
1921;672;1;195;1
1922;673;1;3770;1
1923;673;2;5599;1
1924;673;3;1292;1
1925;674;1;2634;1
1926;674;2;5945;1
1927;674;3;4667;1
1928;675;1;2391;4
1929;675;2;1679;1
1930;676;1;5223;1
1931;677;1;6408;1
1932;677;2;1676;1
1933;677;3;648;1
1934;677;4;4911;1
1935;677;5;3336;1
1936;677;6;255;1
1937;677;7;4042;1
1938;678;1;5912;1
1939;678;2;1294;1
1940;678;3;5778;1
1941;679;1;4443;1
1942;680;1;6272;2
1943;680;2;3890;1
1944;681;1;6023;1
1945;681;2;2529;1
1946;682;1;1244;1
1947;682;2;2244;1
1948;682;3;3985;1
1949;683;1;4852;1
1950;683;2;6570;1
1951;684;1;2558;1
1952;685;1;6673;1
1953;685;2;1993;1
1954;685;3;1884;1
1955;686;1;4989;1
1956;687;1;1984;1
1957;687;2;4718;1
1958;687;3;5247;1
1959;687;4;1556;1
1960;687;5;4346;3
1961;687;6;5953;1
1962;687;7;2050;1
1963;687;8;3271;1
1964;687;9;1485;1
1965;687;10;3526;1
1966;688;1;262;1
1967;688;2;6199;1
1968;689;1;2911;1
1969;690;1;4978;1
1970;690;2;6383;1
1971;690;3;989;1
1972;690;4;3737;1
1973;690;5;3174;1
1974;690;6;1468;1
1975;690;7;3693;1
1976;690;8;1698;1
1977;691;1;1233;1
1978;691;2;5434;1
1979;691;3;5378;1
1980;691;4;2336;1
1981;691;5;6722;1
1982;692;1;5672;1
1983;692;2;3005;1
1984;692;3;3818;1
1985;693;1;3139;1
1986;693;2;891;1
1987;693;3;3199;1
1988;694;1;1047;1
1989;694;2;5593;1
1990;694;3;6279;1
1991;695;1;1652;1
1992;695;2;5344;1
1993;696;1;2601;3
1994;696;2;6715;1
1995;697;1;5727;1
1996;697;2;2566;1
1997;697;3;294;1
1998;698;1;4590;1
1999;699;1;3012;1
2000;699;2;175;1
2001;699;3;2123;1
2002;700;1;3351;1
2003;700;2;2476;3
2004;701;1;3425;1
2005;702;1;1141;3
2006;702;2;1168;1
2007;702;3;5459;1
2008;703;1;2711;1
2009;703;2;6199;2
2010;703;3;1895;1
2011;704;1;960;1
2012;705;1;439;1
2013;705;2;3259;1
2014;705;3;4516;1
2015;706;1;3586;1
2016;706;2;3478;1
2017;706;3;5982;1
2018;706;4;4674;1
2019;706;5;182;1
2020;706;6;2537;1
2021;706;7;1174;1
2022;706;8;5851;1
2023;706;9;2291;1
2024;707;1;4979;1
2025;707;2;1812;1
2026;707;3;6627;1
2027;707;4;3365;1
2028;707;5;1432;1
2029;707;6;5839;1
2030;707;7;5981;1
2031;707;8;2074;1
2032;707;9;2048;1
2033;708;1;1414;1
2034;708;2;2199;1
2035;708;3;1774;3
2036;708;4;2905;1
2037;709;1;6377;1
2038;709;2;2801;1
2039;710;1;473;1
2040;711;1;2391;1
2041;711;2;3272;1
2042;712;1;1866;1
2043;712;2;3804;1
2044;712;3;659;1
2045;713;1;785;1
2046;714;1;672;1
2047;714;2;3645;1
2048;714;3;2250;1
2049;715;1;3586;1
2050;715;2;362;1
2051;716;1;1668;1
2052;717;1;6289;1
2053;717;2;6634;1
2054;718;1;4366;1
2055;718;2;1793;1
2056;718;3;6067;1
2057;718;4;1170;1
2058;719;1;6182;1
2059;720;1;2323;1
2060;720;2;6724;1
2061;721;1;5374;1
2062;721;2;1753;1
2063;722;1;3679;1
2064;722;2;6260;1
2065;722;3;1991;3
2066;723;1;4834;1
2067;723;2;1967;1
2068;723;3;3723;1
2069;723;4;589;3
2070;723;5;103;1
2071;723;6;225;1
2072;724;1;1248;1
2073;724;2;916;1
2074;724;3;5959;2
2075;725;1;2967;1
2076;725;2;3481;3
2077;726;1;1010;1
2078;726;2;4706;1
2079;726;3;1064;1
2080;726;4;6333;1
2081;726;5;1704;1
2082;727;1;3820;1
2083;727;2;6524;1
2084;727;3;5722;1
2085;728;1;917;1
2086;728;2;2131;1
2087;728;3;3560;1
2088;729;1;6355;1
2089;730;1;3167;4
2090;731;1;3757;1
2091;731;2;243;1
2092;731;3;1381;1
2093;732;1;5507;1
2094;732;2;321;1
2095;733;1;3281;1
2096;734;1;1409;1
2097;735;1;4101;1
2098;735;2;3530;1
2099;736;1;6174;1
2100;736;2;723;1
2101;736;3;376;1
2102;737;1;2276;1
2103;738;1;6127;1
2104;738;2;5064;1
2105;738;3;664;1
2106;739;1;4981;1
2107;740;1;599;1
2108;740;2;4088;1
2109;741;1;196;1
2110;742;1;4129;1
2111;742;2;1700;1
2112;742;3;3375;1
2113;743;1;6534;1
2114;743;2;3130;1
2115;744;1;6372;1
2116;744;2;2665;1
2117;745;1;5943;1
2118;745;2;1880;1
2119;745;3;3523;1
2120;746;1;5483;1
2121;746;2;1199;1
2122;747;1;4301;1
2123;747;2;3155;1
2124;747;3;3893;1
2125;747;4;4936;1
2126;747;5;6792;1
2127;747;6;1479;1
2128;747;7;374;1
2129;747;8;709;1
2130;747;9;5268;1
2131;747;10;4372;1
2132;748;1;1177;1
2133;749;1;3089;1
2134;749;2;3681;1
2135;749;3;6649;1
2136;750;1;4512;1
2137;750;2;2002;1
2138;750;3;4869;1
2139;750;4;5654;1
2140;750;5;5160;1
2141;751;1;4262;1
2142;751;2;5494;1
2143;751;3;5945;1
2144;751;4;5370;1
2145;751;5;5266;1
2146;752;1;5741;2
2147;753;1;3004;1
2148;753;2;4542;1
2149;753;3;4244;1
2150;753;4;1733;1
2151;753;5;4346;1
2152;753;6;2051;1
2153;753;7;5787;1
2154;754;1;620;1
2155;754;2;767;1
2156;754;3;1436;1
2157;755;1;5355;1
2158;756;1;759;1
2159;756;2;4666;1
2160;756;3;4010;1
2161;756;4;22;1
2162;756;5;1650;1
2163;756;6;1532;1
2164;756;7;2647;1
2165;756;8;1753;1
2166;757;1;926;1
2167;757;2;3774;1
2168;757;3;6685;1
2169;757;4;2796;1
2170;758;1;553;1
2171;758;2;2998;1
2172;758;3;427;1
2173;758;4;4619;1
2174;758;5;1568;1
2175;758;6;1101;1
2176;759;1;4579;1
2177;759;2;2560;1
2178;760;1;4175;1
2179;761;1;181;1
2180;762;1;1598;1
2181;762;2;6;1
2182;763;1;2982;1
2183;763;2;4776;1
2184;764;1;5910;1
2185;764;2;2348;2
2186;765;1;4575;1
2187;765;2;5685;1
2188;766;1;1696;1
2189;766;2;5087;1
2190;766;3;61;1
2191;767;1;1482;1
2192;767;2;1134;1
2193;767;3;3334;1
2194;768;1;3138;1
2195;768;2;1747;1
2196;769;1;3275;1
2197;770;1;5263;1
2198;770;2;6521;1
2199;770;3;3618;1
2200;771;1;998;1
2201;771;2;6438;1
2202;771;3;1089;1
2203;772;1;4238;4
2204;773;1;3389;1
2205;774;1;3722;1
2206;774;2;3794;1
2207;774;3;1005;1
2208;775;1;1294;4
2209;776;1;4914;1
2210;777;1;5194;1
2211;777;2;3508;1
2212;777;3;3640;1
2213;778;1;6785;1
2214;779;1;4521;1
2215;779;2;5398;1
2216;779;3;6159;1
2217;779;4;4159;1
2218;779;5;6311;1
2219;780;1;2185;1
2220;780;2;4409;1
2221;780;3;2219;1
2222;780;4;4081;3
2223;780;5;3310;1
2224;780;6;2489;1
2225;781;1;4687;1
2226;781;2;969;1
2227;782;1;5163;1
2228;782;2;1324;1
2229;782;3;3987;1
2230;782;4;3748;1
2231;782;5;3637;1
2232;782;6;2424;1
2233;782;7;3997;1
2234;783;1;2549;1
2235;784;1;1267;1
2236;784;2;508;1
2237;785;1;1274;1
2238;785;2;1498;1
2239;785;3;6794;1
2240;786;1;1199;1
2241;787;1;2289;1
2242;788;1;4961;1
2243;788;2;4059;1
2244;788;3;4738;1
2245;789;1;1795;1
2246;790;1;665;1
2247;791;1;5781;1
2248;791;2;2852;1
2249;792;1;4961;1
2250;793;1;4559;1
2251;794;1;4867;1
2252;794;2;1192;1
2253;795;1;1742;1
2254;795;2;5570;1
2255;796;1;1635;1
2256;797;1;3040;1
2257;798;1;1533;1
2258;798;2;1158;1
2259;798;3;364;1
2260;798;4;5631;1
2261;798;5;3451;1
2262;799;1;990;1
2263;800;1;5128;1
2264;800;2;5807;1
2265;800;3;163;1
2266;801;1;5417;1
2267;802;1;4346;1
2268;802;2;5951;1
2269;802;3;951;1
2270;802;4;4056;1
2271;802;5;2388;1
2272;802;6;975;1
2273;802;7;169;1
2274;802;8;4002;1
2275;802;9;5192;1
2276;802;10;1700;1
2277;803;1;1394;1
2278;803;2;1116;1
2279;803;3;2418;1
2280;804;1;1098;1
2281;804;2;1614;1
2282;804;3;5147;1
2283;804;4;1664;3
2284;804;5;4790;1
2285;804;6;2059;1
2286;804;7;1443;1
2287;805;1;5740;1
2288;805;2;580;1
2289;806;1;1790;1
2290;806;2;4548;1
2291;807;1;4337;3
2292;808;1;1424;1
2293;809;1;1425;1
2294;809;2;5182;1
2295;809;3;978;1
2296;809;4;1061;1
2297;809;5;2783;1
2298;809;6;6640;1
2299;810;1;2104;1
2300;810;2;1960;1
2301;810;3;4883;1
2302;811;1;4952;1
2303;811;2;2126;1
2304;811;3;5442;1
2305;811;4;1010;1
2306;811;5;4744;2
2307;811;6;4105;1
2308;811;7;3997;1
2309;812;1;5053;1
2310;812;2;857;1
2311;813;1;964;1
2312;813;2;6038;1
2313;814;1;4028;1
2314;814;2;3919;1
2315;814;3;1951;1
2316;815;1;4863;1
2317;815;2;6156;1
2318;816;1;1228;1
2319;816;2;6415;1
2320;817;1;270;1
2321;817;2;962;1
2322;817;3;6577;1
2323;817;4;6345;1
2324;817;5;4136;1
2325;817;6;5505;1
2326;818;1;412;1
2327;818;2;4121;1
2328;818;3;5762;1
2329;818;4;5448;1
2330;819;1;896;1
2331;820;1;6798;1
2332;820;2;5573;1
2333;820;3;1134;3
2334;821;1;253;3
2335;821;2;2300;1
2336;821;3;638;1
2337;822;1;2553;1
2338;822;2;2417;1
2339;822;3;540;1
2340;822;4;6201;1
2341;822;5;5742;1
2342;822;6;2205;1
2343;822;7;4200;1
2344;823;1;3408;1
2345;823;2;6289;1
2346;823;3;6539;1
2347;823;4;6000;1
2348;823;5;1543;1
2349;824;1;2094;1
2350;824;2;4717;1
2351;824;3;4842;1
2352;825;1;995;2
2353;825;2;5532;1
2354;826;1;923;1
2355;827;1;5577;1
2356;827;2;1645;1
2357;828;1;641;1
2358;828;2;3113;1
2359;828;3;5560;1
2360;829;1;885;1
2361;830;1;1092;1
2362;830;2;16;1
2363;830;3;3912;1
2364;830;4;1136;1
2365;831;1;6473;1
2366;832;1;384;1
2367;832;2;5741;1
2368;832;3;6794;1
2369;832;4;1071;3
2370;832;5;4116;1
2371;832;6;6006;1
2372;833;1;2594;1
2373;833;2;3139;1
2374;833;3;2549;1
2375;833;4;930;1
2376;834;1;4102;1
2377;834;2;4375;1
2378;835;1;4347;1
2379;836;1;5049;1
2380;836;2;4151;1
2381;836;3;1930;1
2382;837;1;3808;1
2383;838;1;1698;1
2384;838;2;6520;1
2385;839;1;1806;1
2386;839;2;697;1
2387;839;3;1832;1
2388;839;4;1700;1
2389;839;5;1970;1
2390;839;6;5207;1
2391;839;7;3327;1
2392;840;1;6240;1
2393;841;1;324;1
2394;841;2;2524;1
2395;841;3;416;1
2396;842;1;5447;1
2397;842;2;2756;1
2398;842;3;2976;4
2399;842;4;2691;1
2400;842;5;1064;1
2401;843;1;6373;1
2402;843;2;3578;1
2403;843;3;472;1
2404;844;1;3750;1
2405;844;2;5315;1
2406;844;3;1062;1
2407;844;4;5493;1
2408;844;5;6092;1
2409;845;1;1245;2
2410;845;2;168;1
2411;846;1;5462;1
2412;847;1;4073;1
2413;847;2;6793;1
2414;847;3;3118;1
2415;847;4;3991;1
2416;848;1;1136;1
2417;848;2;1419;1
2418;848;3;4819;1
2419;848;4;1847;1
2420;848;5;4594;1
2421;848;6;1202;1
2422;848;7;1980;1
2423;849;1;2171;1
2424;849;2;4845;1
2425;850;1;6592;1
2426;850;2;2692;1
2427;850;3;897;2
2428;850;4;4171;1
2429;850;5;1030;1
2430;850;6;5299;1
2431;851;1;3897;1
2432;851;2;5409;1
2433;851;3;1237;1
2434;851;4;2566;1
2435;851;5;5427;1
2436;851;6;160;2
2437;851;7;2518;1
2438;852;1;2443;2
2439;852;2;2850;3
2440;853;1;1372;1
2441;853;2;931;1
2442;853;3;3106;1
2443;853;4;4712;1
2444;853;5;781;1
2445;853;6;5093;1
2446;853;7;5494;2
2447;853;8;119;1
2448;853;9;586;1
2449;853;10;3267;1
2450;854;1;6136;1
2451;854;2;406;1
2452;854;3;2890;1
2453;855;1;5932;1
2454;856;1;5200;1
2455;856;2;2170;1
2456;856;3;2390;1
2457;857;1;1552;1
2458;858;1;3791;1
2459;859;1;1220;1
2460;860;1;4208;1
2461;860;2;284;1
2462;860;3;3122;1
2463;861;1;5045;1
2464;861;2;3248;1
2465;861;3;419;1
2466;861;4;1546;1
2467;861;5;2621;1
2468;861;6;601;1
2469;862;1;4349;1
2470;862;2;5680;1
2471;862;3;4378;1
2472;863;1;5794;1
2473;863;2;4571;1
2474;863;3;6583;1
2475;864;1;4885;1
2476;865;1;1381;1
2477;865;2;2784;1
2478;865;3;2855;1
2479;866;1;3938;1
2480;867;1;3365;1
2481;867;2;2759;1
2482;867;3;4957;1
2483;867;4;2674;1
2484;867;5;5098;1
2485;867;6;1046;1
2486;868;1;2446;1
2487;869;1;5254;1
2488;869;2;4057;1
2489;869;3;323;1
2490;870;1;3466;1
2491;870;2;5790;1
2492;871;1;5647;1
2493;871;2;1590;1
2494;871;3;3039;1
2495;872;1;5809;1
2496;872;2;4282;1
2497;873;1;925;1
2498;873;2;4902;1
2499;873;3;1906;1
2500;874;1;5858;4
2501;874;2;6069;1
2502;874;3;5254;3
2503;875;1;208;1
2504;875;2;2387;1
2505;875;3;779;1
2506;876;1;4321;1
2507;876;2;6640;1
2508;877;1;148;1
2509;877;2;923;1
2510;877;3;3755;1
2511;877;4;1503;1
2512;877;5;2585;1
2513;877;6;1996;1
2514;877;7;1239;1
2515;877;8;6619;1
2516;877;9;6131;1
2517;877;10;4361;1
2518;878;1;6544;1
2519;878;2;3698;1
2520;879;1;6749;1
2521;879;2;327;1
2522;879;3;2061;1
2523;880;1;1341;1
2524;880;2;1016;1
2525;880;3;4801;1
2526;880;4;2597;1
2527;880;5;5182;1
2528;881;1;1373;1
2529;881;2;5238;1
2530;881;3;2866;1
2531;881;4;1104;1
2532;881;5;3815;1
2533;881;6;333;1
2534;882;1;4662;1
2535;882;2;2705;1
2536;882;3;175;1
2537;882;4;6560;1
2538;882;5;5251;1
2539;882;6;6494;1
2540;883;1;2132;1
2541;883;2;4462;1
2542;884;1;4989;1
2543;885;1;4974;1
2544;885;2;3955;1
2545;885;3;6334;1
2546;886;1;1388;1
2547;886;2;4934;1
2548;886;3;2978;1
2549;887;1;65;1
2550;888;1;6065;1
2551;889;1;3931;1
2552;889;2;3919;1
2553;890;1;1922;1
2554;891;1;4189;1
2555;891;2;2907;1
2556;892;1;6509;1
2557;893;1;1053;1
2558;893;2;4215;1
2559;893;3;2853;1
2560;894;1;3190;1
2561;895;1;755;1
2562;895;2;4163;1
2563;895;3;971;1
2564;895;4;5606;1
2565;895;5;4879;1
2566;896;1;4353;1
2567;897;1;2760;1
2568;898;1;5914;3
2569;899;1;3091;1
2570;900;1;112;1
2571;900;2;134;3
2572;900;3;4221;1
2573;901;1;4981;1
2574;901;2;6499;1
2575;901;3;5500;1
2576;902;1;2670;4
2577;903;1;6490;1
2578;903;2;1022;1
2579;904;1;6448;1
2580;904;2;6390;1
2581;905;1;6172;1
2582;905;2;6736;1
2583;906;1;6787;4
2584;906;2;1676;1
2585;907;1;5397;1
2586;907;2;197;1
2587;908;1;65;1
2588;908;2;4904;1
2589;909;1;3455;1
2590;909;2;6077;1
2591;909;3;2954;1
2592;910;1;4252;1
2593;910;2;3260;1
2594;911;1;1649;1
2595;912;1;2467;1
2596;912;2;2069;1
2597;913;1;6326;1
2598;914;1;6010;1
2599;914;2;472;1
2600;914;3;2679;1
2601;914;4;1652;1
2602;915;1;1745;1
2603;916;1;5177;1
2604;916;2;3185;1
2605;916;3;6325;1
2606;916;4;2700;1
2607;916;5;6437;1
2608;916;6;251;1
2609;916;7;6118;2
2610;917;1;2244;1
2611;917;2;5538;1
2612;917;3;1206;1
2613;917;4;2826;1
2614;917;5;2177;1
2615;917;6;3536;1
2616;917;7;105;1
2617;917;8;4851;1
2618;917;9;6077;1
2619;918;1;1057;1
2620;919;1;2796;1
2621;919;2;363;1
2622;920;1;4161;1
2623;920;2;536;1
2624;920;3;4650;1
2625;921;1;3103;1
2626;921;2;4683;4
2627;921;3;1898;2
2628;922;1;3835;1
2629;923;1;2425;1
2630;923;2;4884;1
2631;923;3;3319;1
2632;924;1;6392;1
2633;924;2;2971;2
2634;924;3;4946;1
2635;924;4;1110;1
2636;924;5;745;1
2637;924;6;6033;1
2638;924;7;650;1
2639;924;8;5201;1
2640;925;1;2293;1
2641;926;1;5805;1
2642;926;2;2735;1
2643;926;3;3047;1
2644;926;4;473;1
2645;926;5;3114;1
2646;926;6;1693;1
2647;926;7;4394;1
2648;927;1;6735;1
2649;927;2;2011;3
2650;927;3;3547;1
2651;928;1;4003;1
2652;928;2;3674;1
2653;928;3;3259;1
2654;929;1;6568;1
2655;929;2;3581;1
2656;930;1;4919;1
2657;930;2;3519;1
2658;930;3;1537;1
2659;930;4;4582;1
2660;930;5;4379;1
2661;930;6;6229;1
2662;930;7;2922;1
2663;930;8;985;1
2664;930;9;1318;1
2665;931;1;2897;1
2666;931;2;567;1
2667;931;3;2479;1
2668;932;1;5724;1
2669;932;2;5728;1
2670;932;3;4375;1
2671;933;1;929;1
2672;934;1;3433;1
2673;934;2;6663;1
2674;934;3;1109;1
2675;934;4;6102;1
2676;935;1;1932;1
2677;935;2;3643;1
2678;936;1;54;1
2679;936;2;4193;1
2680;936;3;2496;1
2681;937;1;4007;1
2682;937;2;4726;1
2683;938;1;921;1
2684;939;1;4816;3
2685;940;1;3089;1
2686;940;2;2373;1
2687;940;3;774;1
2688;940;4;4911;1
2689;941;1;3994;1
2690;942;1;1641;1
2691;942;2;5202;1
2692;943;1;5133;2
2693;943;2;1808;1
2694;944;1;4359;1
2695;945;1;6575;1
2696;945;2;740;1
2697;945;3;2282;4
2698;945;4;4574;1
2699;945;5;6434;1
2700;946;1;2156;1
2701;946;2;2770;1
2702;946;3;2576;1
2703;946;4;1199;1
2704;947;1;5057;4
2705;948;1;2690;1
2706;948;2;5894;1
2707;949;1;4352;1
2708;949;2;6692;1
2709;949;3;4498;1
2710;949;4;623;1
2711;949;5;949;1
2712;949;6;5219;1
2713;950;1;1167;1
2714;950;2;277;1
2715;951;1;3261;1
2716;951;2;746;1
2717;951;3;4799;1
2718;951;4;3962;1
2719;952;1;2178;1
2720;952;2;984;1
2721;952;3;1102;1
2722;953;1;1995;1
2723;953;2;1649;1
2724;953;3;3030;1
2725;953;4;690;1
2726;953;5;1756;1
2727;953;6;5944;1
2728;954;1;5155;1
2729;954;2;513;1
2730;954;3;622;1
2731;955;1;4912;1
2732;956;1;6666;1
2733;956;2;2080;1
2734;956;3;6203;1
2735;957;1;4545;1
2736;957;2;6422;1
2737;957;3;852;1
2738;957;4;3592;1
2739;957;5;56;1
2740;958;1;3621;1
2741;959;1;4400;1
2742;960;1;1192;1
2743;960;2;2288;1
2744;960;3;5000;1
2745;960;4;5620;1
2746;960;5;799;1
2747;960;6;3734;1
2748;961;1;6711;1
2749;962;1;965;1
2750;962;2;999;1
2751;963;1;6656;1
2752;964;1;5740;1
2753;964;2;4090;1
2754;964;3;3723;1
2755;965;1;5387;1
2756;965;2;6340;1
2757;965;3;1897;1
2758;965;4;321;1
2759;966;1;1344;1
2760;966;2;2809;1
2761;967;1;5862;1
2762;967;2;4822;1
2763;967;3;1337;1
2764;968;1;5769;1
2765;968;2;3403;1
2766;969;1;3930;1
2767;969;2;1704;1
2768;970;1;95;1
2769;971;1;2989;1
2770;971;2;433;1
2771;972;1;2813;1
2772;972;2;4600;1
2773;973;1;4651;1
2774;973;2;1029;1
2775;974;1;2552;1
2776;974;2;3148;3
2777;974;3;3982;1
2778;975;1;1437;1
2779;975;2;2459;1
2780;975;3;254;1
2781;975;4;2973;1
2782;976;1;5093;1
2783;976;2;592;1
2784;977;1;560;1
2785;977;2;1704;3
2786;977;3;822;1
2787;978;1;4385;1
2788;978;2;3362;1
2789;979;1;2855;1
2790;979;2;598;1
2791;979;3;4497;1
2792;980;1;3500;1
2793;980;2;1411;1
2794;981;1;5864;1
2795;982;1;5256;1
2796;982;2;5657;1
2797;983;1;2018;1
2798;983;2;6532;1
2799;983;3;3455;1
2800;984;1;4255;3
2801;985;1;5153;1
2802;985;2;3071;1
2803;985;3;3234;1
2804;986;1;1191;1
2805;986;2;386;1
2806;987;1;606;2
2807;987;2;3247;1
2808;987;3;3519;1
2809;988;1;3069;1
2810;989;1;4084;1
2811;989;2;4171;1
2812;989;3;5871;1
2813;989;4;2056;1
2814;989;5;4852;1
2815;989;6;6476;1
2816;989;7;6651;1
2817;990;1;4666;1
2818;990;2;5164;1
2819;991;1;3637;1
2820;991;2;6064;1
2821;991;3;4662;1
2822;991;4;310;1
2823;991;5;5775;1
2824;992;1;2086;1
2825;992;2;688;2
2826;993;1;247;1
2827;993;2;2157;1
2828;994;1;1941;1
2829;994;2;2091;1
2830;994;3;750;1
2831;995;1;5171;1
2832;995;2;6314;1
2833;996;1;934;1
2834;996;2;2541;1
2835;997;1;2054;1
2836;997;2;6568;1
2837;997;3;1523;1
2838;997;4;5110;1
2839;997;5;4772;1
2840;997;6;2223;1
2841;998;1;413;3
2842;998;2;3978;1
2843;998;3;6234;1
2844;999;1;2240;1
2845;1000;1;4578;1
2846;1000;2;1562;1
2847;1000;3;5361;1
2848;1000;4;6426;1
2849;1000;5;1936;1
2850;1000;6;2862;1
2851;1000;7;4110;1
2852;1000;8;4886;1
2853;1000;9;409;1
2854;1000;10;3134;1
2855;1001;1;3710;1
2856;1001;2;565;1
2857;1002;1;2089;1
2858;1003;1;601;1
2859;1003;2;3475;1
2860;1003;3;5337;1
2861;1004;1;1971;1
2862;1004;2;4146;1
2863;1004;3;959;1
2864;1005;1;1390;1
2865;1005;2;5220;1
2866;1005;3;1793;1
2867;1006;1;1317;1
2868;1006;2;5762;1
2869;1007;1;6524;1
2870;1007;2;3972;2
2871;1007;3;4861;1
2872;1008;1;4300;1
2873;1008;2;3089;1
2874;1008;3;3253;1
2875;1009;1;3296;1
2876;1009;2;398;1
2877;1009;3;6644;1
2878;1009;4;5057;1
2879;1009;5;4507;3
2880;1010;1;2303;1
2881;1010;2;6686;1
2882;1010;3;3151;3
2883;1011;1;4326;1
2884;1011;2;4525;1
2885;1012;1;1136;1
2886;1013;1;2532;1
2887;1013;2;4934;1
2888;1013;3;6045;4
2889;1014;1;4712;1
2890;1015;1;6144;1
2891;1015;2;4750;3
2892;1015;3;6310;1
2893;1016;1;3386;1
2894;1016;2;3390;1
2895;1016;3;6309;1
2896;1017;1;5075;1
2897;1018;1;1594;1
2898;1018;2;1607;1
2899;1019;1;6522;1
2900;1019;2;1573;1
2901;1019;3;6284;1
2902;1020;1;6272;1
2903;1020;2;4175;1
2904;1021;1;1957;1
2905;1022;1;841;1
2906;1022;2;427;1
2907;1023;1;1507;1
2908;1023;2;5528;1
2909;1024;1;2180;1
2910;1024;2;5840;1
2911;1024;3;3172;1
2912;1025;1;477;1
2913;1025;2;3578;1
2914;1025;3;3771;1
2915;1026;1;5644;1
2916;1026;2;165;1
2917;1026;3;4055;1
2918;1027;1;5437;1
2919;1027;2;6723;1
2920;1028;1;160;1
2921;1028;2;571;1
2922;1029;1;2598;1
2923;1030;1;4256;1
2924;1030;2;2746;1
2925;1030;3;5203;2
2926;1030;4;1314;1
2927;1031;1;5555;1
2928;1032;1;3936;1
2929;1032;2;3354;1
2930;1033;1;543;4
2931;1033;2;4752;1
2932;1033;3;1747;1
2933;1034;1;803;1
2934;1035;1;3641;1
2935;1035;2;4575;1
2936;1035;3;6482;1
2937;1036;1;3505;1
2938;1037;1;6202;1
2939;1037;2;98;1
2940;1037;3;4914;1
2941;1038;1;3497;1
2942;1038;2;4518;1
2943;1039;1;2586;1
2944;1039;2;1814;1
2945;1039;3;1725;1
2946;1040;1;5248;1
2947;1040;2;4842;1
2948;1041;1;2571;4
2949;1041;2;2654;1
2950;1041;3;1431;1
2951;1042;1;85;1
2952;1042;2;2752;1
2953;1043;1;6663;1
2954;1043;2;5954;1
2955;1043;3;5899;1
2956;1043;4;5898;1
2957;1043;5;3738;1
2958;1044;1;4026;1
2959;1044;2;5612;1
2960;1044;3;4832;1
2961;1044;4;3285;1
2962;1044;5;2404;1
2963;1044;6;1847;1
2964;1044;7;6408;1
2965;1044;8;4648;1
2966;1044;9;2854;1
2967;1044;10;5376;1
2968;1045;1;2911;4
2969;1045;2;2146;1
2970;1045;3;2414;1
2971;1045;4;3900;2
2972;1046;1;2873;1
2973;1046;2;3109;1
2974;1047;1;3837;1
2975;1048;1;1002;1
2976;1048;2;1389;1
2977;1048;3;3118;1
2978;1049;1;2859;1
2979;1049;2;791;1
2980;1049;3;142;1
2981;1050;1;3921;1
2982;1050;2;2325;1
2983;1050;3;4236;1
2984;1050;4;1630;1
2985;1050;5;5706;1
2986;1051;1;1472;1
2987;1051;2;976;1
2988;1052;1;6643;1
2989;1052;2;876;1
2990;1052;3;5017;1
2991;1053;1;1327;1
2992;1053;2;5796;1
2993;1053;3;6446;1
2994;1053;4;5686;1
2995;1053;5;6121;3
2996;1053;6;6733;1
2997;1053;7;1104;1
2998;1053;8;5177;1
2999;1053;9;6003;1
3000;1054;1;4754;1
3001;1055;1;4865;1
3002;1055;2;3530;1
3003;1055;3;5964;1
3004;1056;1;1758;1
3005;1056;2;4851;1
3006;1056;3;6382;1
3007;1056;4;4541;1
3008;1056;5;51;1
3009;1056;6;316;1
3010;1056;7;3257;1
3011;1057;1;5651;1
3012;1058;1;1766;1
3013;1059;1;1378;1
3014;1059;2;2209;1
3015;1059;3;6542;1
3016;1060;1;5116;1
3017;1060;2;1130;1
3018;1061;1;3088;1
3019;1062;1;2850;1
3020;1062;2;2897;1
3021;1062;3;5424;1
3022;1062;4;1428;1
3023;1062;5;5483;1
3024;1063;1;3427;1
3025;1064;1;2099;1
3026;1064;2;2410;1
3027;1065;1;4710;1
3028;1065;2;5340;1
3029;1065;3;629;1
3030;1066;1;1320;1
3031;1066;2;5309;1
3032;1067;1;522;1
3033;1067;2;4610;1
3034;1068;1;3348;1
3035;1068;2;212;1
3036;1068;3;2363;1
3037;1068;4;4300;1
3038;1068;5;4455;1
3039;1068;6;2248;1
3040;1068;7;1920;1
3041;1068;8;5134;1
3042;1069;1;6790;1
3043;1069;2;1771;1
3044;1069;3;264;1
3045;1070;1;3471;1
3046;1070;2;3850;1
3047;1071;1;6296;1
3048;1072;1;2010;1
3049;1072;2;5089;1
3050;1072;3;4374;1
3051;1072;4;1752;1
3052;1072;5;4905;1
3053;1073;1;830;1
3054;1073;2;6021;1
3055;1074;1;1450;1
3056;1075;1;6196;1
3057;1075;2;6632;4
3058;1075;3;2992;1
3059;1076;1;664;1
3060;1076;2;4466;1
3061;1076;3;5637;1
3062;1077;1;660;1
3063;1077;2;1610;1
3064;1078;1;2335;1
3065;1078;2;5279;1
3066;1079;1;2156;1
3067;1079;2;6446;1
3068;1080;1;5064;1
3069;1081;1;2521;1
3070;1081;2;4097;1
3071;1082;1;5928;1
3072;1082;2;2685;1
3073;1083;1;5387;1
3074;1083;2;5749;1
3075;1083;3;4608;1
3076;1083;4;3576;1
3077;1084;1;2878;1
3078;1085;1;6268;1
3079;1085;2;4026;1
3080;1085;3;6244;1
3081;1085;4;5503;1
3082;1085;5;1828;1
3083;1085;6;6292;1
3084;1085;7;3227;1
3085;1085;8;2475;1
3086;1085;9;1046;1
3087;1085;10;2782;1
3088;1086;1;5803;1
3089;1086;2;352;1
3090;1086;3;6104;1
3091;1087;1;5274;1
3092;1087;2;2828;1
3093;1087;3;5892;1
3094;1088;1;6138;1
3095;1088;2;3789;1
3096;1088;3;2564;1
3097;1089;1;4917;1
3098;1090;1;1349;1
3099;1090;2;1783;1
3100;1091;1;4910;1
3101;1092;1;855;1
3102;1092;2;6204;1
3103;1092;3;4333;1
3104;1092;4;4323;1
3105;1093;1;266;1
3106;1093;2;2841;1
3107;1093;3;5024;1
3108;1093;4;2182;1
3109;1093;5;5945;1
3110;1093;6;3647;1
3111;1093;7;3860;1
3112;1094;1;3552;1
3113;1094;2;257;1
3114;1094;3;1977;1
3115;1094;4;1177;1
3116;1094;5;1276;1
3117;1094;6;6519;1
3118;1095;1;5533;1
3119;1095;2;2354;3
3120;1095;3;5575;1
3121;1095;4;3686;1
3122;1095;5;4846;1
3123;1096;1;1992;1
3124;1096;2;6505;1
3125;1096;3;3570;1
3126;1096;4;4667;1
3127;1096;5;5651;1
3128;1096;6;2120;1
3129;1096;7;1978;1
3130;1096;8;5157;1
3131;1096;9;2578;1
3132;1097;1;258;1
3133;1097;2;6646;1
3134;1097;3;5347;1
3135;1097;4;5147;1
3136;1097;5;784;1
3137;1097;6;3484;1
3138;1097;7;5520;3
3139;1098;1;5338;1
3140;1098;2;523;1
3141;1099;1;134;1
3142;1099;2;5031;1
3143;1099;3;3129;1
3144;1099;4;466;1
3145;1099;5;836;1
3146;1099;6;2591;2
3147;1099;7;5571;1
3148;1099;8;4654;1
3149;1099;9;1665;1
3150;1099;10;1960;1
3151;1100;1;4650;1
3152;1100;2;3330;1
3153;1100;3;6284;1
3154;1100;4;2978;1
3155;1100;5;5857;1
3156;1100;6;4485;1
3157;1101;1;3203;1
3158;1101;2;833;1
3159;1102;1;5254;1
3160;1103;1;5939;1
3161;1103;2;5824;1
3162;1103;3;752;1
3163;1103;4;3564;1
3164;1103;5;1113;1
3165;1103;6;4960;1
3166;1103;7;2789;1
3167;1104;1;514;1
3168;1104;2;3178;1
3169;1104;3;4756;1
3170;1104;4;1843;1
3171;1104;5;5654;1
3172;1104;6;6691;1
3173;1104;7;739;2
3174;1104;8;5684;1
3175;1104;9;2276;1
3176;1104;10;5575;4
3177;1105;1;6263;1
3178;1105;2;4476;1
3179;1106;1;2848;1
3180;1106;2;6146;1
3181;1106;3;5443;1
3182;1107;1;5846;1
3183;1107;2;2716;4
3184;1107;3;3036;1
3185;1107;4;772;1
3186;1107;5;4913;1
3187;1108;1;1112;1
3188;1108;2;5791;1
3189;1108;3;2876;1
3190;1109;1;1331;1
3191;1110;1;3371;1
3192;1110;2;3855;1
3193;1110;3;255;1
3194;1111;1;487;1
3195;1111;2;462;1
3196;1111;3;4242;1
3197;1112;1;6358;1
3198;1112;2;423;1
3199;1112;3;5568;1
3200;1112;4;6107;1
3201;1113;1;1453;1
3202;1113;2;1603;1
3203;1114;1;506;1
3204;1114;2;984;1
3205;1114;3;4511;1
3206;1114;4;3834;1
3207;1114;5;6650;1
3208;1114;6;311;1
3209;1114;7;6671;1
3210;1114;8;4865;1
3211;1114;9;2933;1
3212;1114;10;4924;1
3213;1115;1;6221;1
3214;1115;2;2730;1
3215;1116;1;3557;1
3216;1116;2;2191;1
3217;1116;3;166;1
3218;1116;4;1925;1
3219;1116;5;4464;1
3220;1116;6;1160;1
3221;1116;7;4822;1
3222;1117;1;5305;1
3223;1117;2;1761;1
3224;1117;3;2967;1
3225;1118;1;2480;1
3226;1118;2;5225;1
3227;1118;3;6011;1
3228;1119;1;556;1
3229;1119;2;3696;1
3230;1119;3;5157;1
3231;1120;1;3802;1
3232;1120;2;1184;1
3233;1120;3;3736;1
3234;1120;4;3221;1
3235;1121;1;4689;1
3236;1122;1;6613;1
3237;1122;2;2751;2
3238;1122;3;3267;1
3239;1122;4;2802;1
3240;1122;5;765;1
3241;1122;6;5610;1
3242;1122;7;4209;1
3243;1123;1;4422;1
3244;1124;1;2652;1
3245;1124;2;2124;1
3246;1124;3;1663;1
3247;1124;4;1194;1
3248;1124;5;4388;1
3249;1124;6;4630;1
3250;1125;1;3170;1
3251;1125;2;3177;1
3252;1126;1;3904;1
3253;1126;2;3650;1
3254;1126;3;2387;1
3255;1127;1;3817;1
3256;1127;2;6352;1
3257;1128;1;3643;1
3258;1128;2;1591;1
3259;1129;1;2380;1
3260;1129;2;6503;1
3261;1130;1;41;1
3262;1130;2;5826;1
3263;1130;3;6095;1
3264;1130;4;580;1
3265;1130;5;4329;1
3266;1130;6;382;1
3267;1130;7;6626;1
3268;1130;8;3526;1
3269;1130;9;2157;1
3270;1130;10;6565;1
3271;1131;1;4857;1
3272;1131;2;4291;1
3273;1131;3;6677;1
3274;1132;1;1151;1
3275;1132;2;1741;1
3276;1132;3;4824;1
3277;1133;1;3304;1
3278;1133;2;937;1
3279;1133;3;2498;1
3280;1134;1;4037;1
3281;1134;2;3094;1
3282;1134;3;2758;1
3283;1134;4;6414;1
3284;1134;5;5533;1
3285;1135;1;4088;1
3286;1135;2;5941;1
3287;1135;3;11;1
3288;1136;1;4339;1
3289;1137;1;106;1
3290;1137;2;4396;1
3291;1138;1;4316;1
3292;1138;2;4446;1
3293;1138;3;3096;4
3294;1138;4;6433;1
3295;1138;5;5053;1
3296;1139;1;4996;1
3297;1140;1;2495;1
3298;1140;2;344;1
3299;1141;1;1596;1
3300;1142;1;3937;1
3301;1142;2;1539;1
3302;1143;1;2677;1
3303;1143;2;1359;1
3304;1143;3;4350;1
3305;1143;4;4619;1
3306;1143;5;4216;1
3307;1143;6;3015;1
3308;1143;7;4933;1
3309;1144;1;3327;1
3310;1145;1;5761;1
3311;1145;2;4047;1
3312;1146;1;636;1
3313;1147;1;52;1
3314;1147;2;751;1
3315;1147;3;3477;1
3316;1148;1;436;1
3317;1148;2;4312;1
3318;1148;3;843;1
3319;1149;1;5970;1
3320;1149;2;2575;1
3321;1149;3;701;1
3322;1149;4;3861;1
3323;1149;5;6031;1
3324;1150;1;27;1
3325;1150;2;1395;1
3326;1150;3;4043;1
3327;1151;1;2836;1
3328;1151;2;1327;1
3329;1152;1;1471;1
3330;1152;2;1906;1
3331;1152;3;1891;1
3332;1152;4;5166;1
3333;1152;5;721;1
3334;1152;6;6732;1
3335;1153;1;591;1
3336;1153;2;6111;1
3337;1154;1;107;1
3338;1154;2;4877;1
3339;1155;1;6041;1
3340;1155;2;4034;1
3341;1156;1;4822;1
3342;1157;1;3248;1
3343;1157;2;4662;1
3344;1157;3;2116;1
3345;1157;4;308;1
3346;1157;5;1980;1
3347;1157;6;449;1
3348;1157;7;2694;1
3349;1157;8;4508;1
3350;1157;9;2706;3
3351;1158;1;3079;1
3352;1158;2;4136;1
3353;1158;3;6606;1
3354;1159;1;6577;1
3355;1159;2;5610;1
3356;1160;1;1111;1
3357;1161;1;1824;1
3358;1161;2;5697;1
3359;1161;3;1532;1
3360;1161;4;2257;1
3361;1161;5;5389;1
3362;1161;6;5723;1
3363;1161;7;421;1
3364;1162;1;3327;1
3365;1162;2;477;1
3366;1163;1;2089;1
3367;1163;2;3589;1
3368;1164;1;3349;1
3369;1165;1;2804;1
3370;1165;2;4187;1
3371;1165;3;6694;1
3372;1166;1;3073;1
3373;1166;2;4846;1
3374;1166;3;2013;1
3375;1166;4;5764;1
3376;1167;1;1282;1
3377;1167;2;2243;1
3378;1167;3;3002;1
3379;1168;1;3900;1
3380;1168;2;4050;1
3381;1168;3;6674;1
3382;1168;4;1960;1
3383;1168;5;4492;1
3384;1168;6;1433;1
3385;1169;1;2027;1
3386;1169;2;1184;1
3387;1169;3;4971;1
3388;1170;1;2705;4
3389;1170;2;1019;1
3390;1170;3;5510;1
3391;1171;1;367;1
3392;1172;1;5530;1
3393;1173;1;2419;1
3394;1174;1;2575;1
3395;1175;1;5127;3
3396;1176;1;4769;1
3397;1176;2;5142;1
3398;1177;1;821;1
3399;1178;1;3765;1
3400;1178;2;4672;1
3401;1179;1;3406;1
3402;1180;1;3535;1
3403;1181;1;4230;1
3404;1182;1;5879;1
3405;1183;1;78;3
3406;1183;2;3324;1
3407;1184;1;204;1
3408;1184;2;2043;1
3409;1185;1;2626;1
3410;1185;2;5848;1
3411;1185;3;4127;1
3412;1186;1;5976;1
3413;1187;1;1291;1
3414;1187;2;4195;1
3415;1187;3;4192;4
3416;1187;4;3094;1
3417;1188;1;3249;1
3418;1188;2;1406;1
3419;1188;3;1246;3
3420;1188;4;533;1
3421;1188;5;695;1
3422;1189;1;5389;3
3423;1189;2;3020;1
3424;1189;3;5771;1
3425;1189;4;4274;1
3426;1189;5;8;1
3427;1189;6;5365;1
3428;1189;7;6207;1
3429;1189;8;3743;1
3430;1189;9;2180;1
3431;1190;1;3707;1
3432;1190;2;3220;1
3433;1190;3;5039;1
3434;1190;4;1637;1
3435;1190;5;6572;1
3436;1191;1;5905;1
3437;1191;2;2841;1
3438;1191;3;2444;1
3439;1192;1;4136;1
3440;1192;2;2384;1
3441;1192;3;4803;3
3442;1193;1;5309;1
3443;1193;2;5718;1
3444;1194;1;4949;1
3445;1194;2;6475;1
3446;1194;3;3870;1
3447;1194;4;3757;1
3448;1194;5;3207;1
3449;1194;6;1060;1
3450;1194;7;3590;1
3451;1194;8;1475;1
3452;1195;1;3654;1
3453;1196;1;5238;1
3454;1196;2;6043;1
3455;1196;3;5654;1
3456;1196;4;2763;1
3457;1196;5;1762;1
3458;1196;6;6092;1
3459;1196;7;1866;1
3460;1196;8;4887;1
3461;1196;9;3836;1
3462;1197;1;4377;1
3463;1197;2;3874;1
3464;1197;3;5041;3
3465;1198;1;6651;1
3466;1198;2;2186;1
3467;1198;3;3894;1
3468;1198;4;6084;1
3469;1198;5;5620;1
3470;1198;6;5986;1
3471;1198;7;4253;1
3472;1199;1;629;1
3473;1199;2;4565;1
3474;1199;3;1222;1
3475;1200;1;4407;1
3476;1200;2;3789;1
3477;1201;1;5801;1
3478;1201;2;5763;1
3479;1202;1;1218;1
3480;1203;1;6311;1
3481;1204;1;898;1
3482;1205;1;3387;1
3483;1205;2;3333;1
3484;1206;1;853;1
3485;1207;1;913;1
3486;1207;2;596;1
3487;1207;3;743;4
3488;1207;4;1979;1
3489;1208;1;3876;1
3490;1208;2;5591;1
3491;1208;3;803;1
3492;1208;4;2417;1
3493;1209;1;4703;1
3494;1209;2;6122;1
3495;1210;1;4892;1
3496;1211;1;1177;1
3497;1211;2;4531;1
3498;1212;1;1500;1
3499;1212;2;2733;3
3500;1212;3;1787;1
3501;1213;1;3759;1
3502;1213;2;285;1
3503;1213;3;6722;1
3504;1214;1;3469;1
3505;1214;2;426;2
3506;1214;3;5364;1
3507;1215;1;6231;1
3508;1216;1;4117;1
3509;1217;1;2779;1
3510;1218;1;4323;1
3511;1218;2;3081;1
3512;1219;1;3712;1
3513;1219;2;2247;1
3514;1219;3;6627;1
3515;1219;4;1305;1
3516;1219;5;5923;1
3517;1220;1;6201;1
3518;1220;2;3849;1
3519;1220;3;4029;1
3520;1220;4;1877;1
3521;1220;5;4117;1
3522;1220;6;5531;1
3523;1221;1;848;4
3524;1221;2;1735;1
3525;1222;1;349;1
3526;1223;1;6058;1
3527;1223;2;6144;1
3528;1224;1;2213;1
3529;1225;1;4214;1
3530;1225;2;990;1
3531;1225;3;2524;1
3532;1226;1;515;1
3533;1226;2;1770;1
3534;1227;1;1237;1
3535;1227;2;3739;1
3536;1227;3;2591;1
3537;1227;4;2580;1
3538;1227;5;5561;1
3539;1228;1;1420;1
3540;1228;2;3356;1
3541;1228;3;5545;1
3542;1229;1;5622;1
3543;1229;2;6189;1
3544;1229;3;2962;1
3545;1230;1;1719;1
3546;1231;1;1015;1
3547;1231;2;4875;2
3548;1231;3;5191;1
3549;1232;1;6119;1
3550;1233;1;1997;1
3551;1233;2;974;1
3552;1234;1;317;1
3553;1234;2;6553;1
3554;1234;3;5216;1
3555;1234;4;5419;1
3556;1234;5;97;1
3557;1235;1;4567;1
3558;1235;2;2643;1
3559;1235;3;3792;1
3560;1236;1;559;1
3561;1236;2;26;1
3562;1237;1;4073;1
3563;1237;2;65;1
3564;1237;3;799;1
3565;1238;1;2328;1
3566;1238;2;5100;1
3567;1239;1;2632;1
3568;1239;2;2867;1
3569;1239;3;1670;1
3570;1240;1;874;1
3571;1240;2;2020;1
3572;1240;3;973;1
3573;1241;1;2550;1
3574;1241;2;3558;2
3575;1241;3;6399;1
3576;1242;1;6315;1
3577;1242;2;4012;1
3578;1243;1;487;1
3579;1243;2;6087;1
3580;1243;3;6614;1
3581;1244;1;6312;1
3582;1244;2;3886;1
3583;1245;1;5561;1
3584;1246;1;3132;1
3585;1246;2;1150;2
3586;1246;3;5731;1
3587;1247;1;2164;1
3588;1248;1;4194;1
3589;1248;2;2694;1
3590;1249;1;5014;1
3591;1249;2;2093;1
3592;1249;3;2303;1
3593;1249;4;4154;1
3594;1249;5;5223;4
3595;1249;6;4186;1
3596;1250;1;812;1
3597;1250;2;4798;1
3598;1250;3;4276;1
3599;1250;4;4092;1
3600;1251;1;5050;1
3601;1251;2;5818;1
3602;1251;3;5455;1
3603;1251;4;483;1
3604;1251;5;318;1
3605;1251;6;3673;1
3606;1251;7;355;1
3607;1251;8;1227;1
3608;1252;1;6456;1
3609;1253;1;3357;1
3610;1254;1;937;1
3611;1254;2;535;1
3612;1254;3;5756;1
3613;1255;1;6414;1
3614;1255;2;1124;1
3615;1256;1;4987;1
3616;1256;2;3697;1
3617;1256;3;6578;3
3618;1257;1;2115;1
3619;1257;2;3319;1
3620;1257;3;3574;4
3621;1257;4;1186;1
3622;1257;5;4529;1
3623;1257;6;232;1
3624;1257;7;3101;1
3625;1257;8;2689;1
3626;1257;9;1313;1
3627;1257;10;792;1
3628;1258;1;5831;1
3629;1258;2;5316;1
3630;1258;3;3391;1
3631;1259;1;1455;1
3632;1259;2;3120;1
3633;1260;1;2902;1
3634;1260;2;4613;1
3635;1260;3;3813;1
3636;1260;4;6000;1
3637;1261;1;4035;1
3638;1262;1;382;1
3639;1262;2;6260;1
3640;1263;1;5110;1
3641;1263;2;5026;1
3642;1263;3;4640;1
3643;1263;4;2663;1
3644;1263;5;1487;1
3645;1263;6;4147;1
3646;1263;7;352;1
3647;1263;8;5965;1
3648;1264;1;3534;1
3649;1264;2;1151;1
3650;1265;1;3460;1
