1;80;14;1;24.05.2016 09:32
2;606;28;1;11.09.2017 13:29
3;700;24;1;19.12.2010 10:54
4;746;13;1;9.10.2014 15:30
5;570;9;1;13.08.2014 10:16
6;88;28;1;4.08.2018 13:29
7;307;28;1;22.02.2010 09:09
8;331;23;1;23.03.2016 10:37
9;613;27;1;3.09.2014 10:07
10;181;10;1;22.04.2019 14:07
11;112;27;2;23.07.2017 16:09
12;554;26;1;24.08.2015 09:16
13;360;2;4;21.08.2013 14:46
14;527;11;1;26.10.2012 12:46
15;729;19;1;14.12.2009 14:32
16;290;10;1;11.02.2014 09:12
17;45;14;1;14.12.2015 16:17
18;151;29;1;23.05.2011 15:43
19;194;27;1;7.02.2016 11:34
20;404;20;1;17.04.2016 09:08
21;283;13;4;13.06.2019 11:49
22;295;13;1;26.02.2010 13:29
23;409;10;1;18.12.2016 13:15
24;100;23;1;26.05.2014 14:25
25;673;26;1;19.04.2010 13:05
26;513;9;1;4.03.2010 13:07
27;8;15;1;4.05.2018 10:59
28;171;30;2;24.02.2016 15:18
29;238;27;1;24.07.2012 16:25
30;470;29;1;12.04.2016 10:30
31;14;26;1;26.12.2014 14:06
32;285;10;1;25.12.2016 13:42
33;556;28;1;16.05.2011 11:31
34;362;15;1;15.10.2019 11:24
35;292;4;1;7.01.2011 15:37
36;132;30;3;26.04.2012 14:27
37;329;17;1;14.12.2009 09:28
38;673;5;1;14.06.2018 11:00
39;737;24;5;25.02.2013 09:09
40;463;19;1;2.10.2016 15:19
41;565;12;1;11.12.2014 10:41
42;81;1;1;9.01.2015 14:54
43;578;9;1;21.06.2016 16:41
44;181;24;5;24.11.2018 12:59
45;244;1;1;19.05.2018 13:38
46;566;20;1;7.11.2019 11:08
47;23;16;1;6.09.2012 13:28
48;715;17;1;16.12.2010 12:26
49;345;24;1;18.05.2011 14:50
50;190;30;1;20.10.2009 11:14
51;5;7;1;11.05.2015 16:39
52;496;6;1;26.02.2017 16:56
53;394;17;1;5.07.2018 09:49
54;261;22;1;21.05.2013 10:17
55;83;6;1;12.10.2017 16:51
56;364;19;1;11.02.2013 16:01
57;728;17;1;17.08.2019 14:19
58;109;24;1;19.12.2015 10:48
59;393;17;1;25.12.2011 15:45
60;277;4;1;12.08.2019 16:27
61;451;10;1;27.03.2018 09:37
62;680;21;1;25.02.2019 13:44
63;527;21;1;5.05.2011 11:05
64;5;23;1;7.03.2011 14:33
65;645;6;1;9.09.2017 14:11
66;337;30;1;10.03.2017 16:00
67;467;5;1;4.11.2013 12:05
68;609;21;3;13.07.2014 10:09
69;304;22;1;24.05.2009 14:21
70;656;30;1;11.07.2019 10:26
71;668;1;1;21.07.2016 09:04
72;364;17;1;22.04.2017 09:16
73;494;9;1;5.11.2017 11:05
74;234;18;1;5.08.2010 10:22
75;146;25;1;13.01.2011 10:56
76;505;19;1;27.03.2012 16:38
77;644;23;1;3.10.2016 13:50
78;412;15;1;18.05.2014 13:55
79;473;4;1;24.03.2013 15:15
80;567;18;2;2.07.2009 16:31
81;396;29;1;17.04.2016 10:28
82;369;22;1;20.09.2013 16:49
83;502;12;1;3.09.2011 11:33
84;687;20;1;26.08.2012 11:10
85;616;13;1;19.02.2015 12:18
86;206;29;1;15.11.2019 16:11
87;52;19;1;2.02.2011 16:11
88;254;25;1;21.12.2010 13:01
89;636;25;5;9.04.2012 14:38
90;333;21;2;13.01.2014 14:01
91;648;16;1;23.10.2017 10:36
92;246;3;1;24.01.2018 11:01
93;107;3;1;9.12.2014 16:34
94;53;7;1;10.08.2013 14:24
95;705;25;1;26.08.2012 09:55
96;617;2;1;27.10.2018 16:20
97;642;28;1;22.01.2019 11:40
98;100;20;1;12.10.2016 13:38
99;142;5;1;24.09.2018 10:08
100;694;11;1;17.11.2016 10:23
101;580;6;1;15.07.2018 09:14
102;363;20;1;18.07.2010 14:46
103;498;15;1;7.10.2011 10:08
104;9;23;1;5.08.2015 15:12
105;91;12;4;8.07.2018 16:35
106;126;10;1;17.07.2015 15:50
107;490;11;2;21.05.2009 16:47
108;355;15;1;14.05.2014 12:40
109;99;12;1;17.04.2009 09:00
110;464;18;1;14.07.2019 10:10
111;673;12;1;9.04.2015 12:59
112;622;5;1;27.11.2019 13:44
113;442;12;1;26.12.2013 16:58
114;584;23;1;14.05.2013 11:30
115;544;12;5;9.11.2019 09:22
116;712;8;1;10.04.2010 16:56
117;578;7;1;1.03.2016 16:00
118;500;18;1;4.07.2019 14:23
119;647;6;1;18.03.2014 10:40
120;587;2;1;18.10.2012 14:20
121;193;15;1;11.05.2016 09:32
122;506;2;1;4.04.2016 10:52
123;496;4;1;8.08.2016 09:33
124;387;26;1;14.03.2016 14:32
125;144;9;1;20.07.2014 12:47
126;314;12;1;25.06.2016 16:24
127;157;17;1;10.08.2017 10:49
128;380;21;1;22.02.2013 14:08
129;697;5;1;10.01.2011 12:11
130;116;23;1;21.05.2019 12:59
131;740;19;1;9.06.2015 14:41
132;721;28;3;27.05.2017 16:14
133;629;21;1;4.04.2018 14:20
134;195;28;1;20.02.2014 12:19
135;231;14;1;5.09.2011 14:59
136;150;15;1;13.02.2019 12:09
137;424;10;1;14.02.2014 16:42
138;708;1;1;25.03.2010 11:24
139;702;24;1;10.02.2009 09:28
140;14;16;1;1.01.2012 11:29
141;412;9;1;2.04.2013 14:16
142;395;24;1;18.05.2014 16:18
143;333;27;1;7.05.2011 14:48
144;731;13;1;4.07.2018 11:58
145;502;10;2;7.05.2016 15:11
146;472;16;1;3.11.2019 09:55
147;627;18;1;26.01.2011 16:37
148;689;29;1;15.04.2012 14:57
149;418;2;1;15.03.2015 12:07
150;636;29;1;5.10.2018 15:42
151;56;4;1;13.08.2018 15:57
152;709;29;1;14.11.2015 15:47
153;230;4;1;4.10.2016 11:04
154;141;28;1;11.10.2009 10:36
155;214;9;1;24.08.2013 15:13
156;28;18;1;9.04.2015 09:18
157;203;22;1;13.01.2016 10:19
158;357;10;1;26.06.2017 14:01
159;642;22;1;23.01.2017 14:25
160;696;30;1;12.12.2018 15:34
161;225;24;1;11.10.2017 11:25
162;64;24;1;17.06.2009 13:05
163;564;22;1;18.08.2014 15:49
164;61;17;1;27.05.2009 13:34
165;419;2;1;9.03.2018 09:20
166;432;6;1;24.02.2019 10:12
167;504;16;1;3.04.2018 10:08
168;627;6;1;2.01.2009 12:24
169;626;19;1;17.07.2018 12:13
170;641;8;1;24.07.2009 11:42
171;392;22;1;14.06.2019 10:00
172;40;29;5;18.08.2016 09:07
173;454;13;1;5.01.2016 10:43
174;127;14;1;22.03.2013 15:45
175;141;26;4;20.11.2010 15:46
176;736;28;1;4.04.2014 13:17
177;664;2;1;14.05.2014 12:33
178;733;1;1;20.10.2014 09:13
179;566;11;1;26.12.2010 10:51
180;687;14;1;20.12.2010 16:55
181;486;16;1;10.09.2009 13:22
182;410;10;1;15.03.2018 12:12
183;453;25;1;15.01.2009 12:00
184;656;6;1;19.12.2010 11:20
185;495;1;1;24.09.2017 10:39
186;564;14;1;10.02.2009 11:13
187;436;29;1;8.01.2015 09:14
188;32;10;1;3.11.2016 10:00
189;698;1;1;23.01.2017 09:28
190;258;10;1;14.11.2016 10:26
191;377;11;1;6.11.2014 11:03
192;103;28;1;19.02.2014 14:44
193;588;13;1;1.11.2010 10:02
194;613;10;1;18.01.2010 13:16
195;595;22;1;24.08.2016 13:22
196;713;2;1;21.08.2012 16:18
197;353;10;1;25.04.2009 13:23
198;391;28;1;14.04.2014 16:20
199;447;23;1;15.04.2015 10:55
200;707;17;1;27.10.2011 13:00
201;375;26;1;11.06.2019 13:01
202;294;3;1;1.01.2009 11:45
203;676;11;1;20.06.2011 10:26
204;54;27;1;24.07.2013 15:37
205;103;14;1;19.05.2014 13:47
206;485;20;1;3.07.2011 13:31
207;147;29;1;12.02.2011 11:12
208;253;9;1;25.04.2015 10:45
209;634;27;1;26.09.2018 15:57
210;213;19;1;1.04.2011 16:46
211;387;3;1;24.01.2011 13:11
212;504;8;1;15.08.2014 11:52
213;244;28;1;8.08.2018 10:19
214;507;26;1;5.05.2013 13:50
215;661;8;1;10.11.2019 11:49
216;677;9;1;13.12.2013 13:27
217;240;2;1;2.09.2010 12:25
218;749;19;1;27.12.2014 09:16
219;260;30;2;20.07.2017 14:25
220;86;15;1;4.02.2013 14:17
221;630;7;1;22.05.2019 15:16
222;379;12;1;25.01.2017 12:19
223;725;29;1;14.06.2011 09:37
224;369;1;1;4.12.2019 10:40
225;64;5;1;8.05.2018 15:11
226;567;25;1;2.03.2014 15:38
227;401;1;1;1.08.2012 14:52
228;328;14;1;20.04.2010 11:47
229;185;12;1;19.06.2017 11:00
230;310;21;1;18.04.2018 10:22
231;560;6;1;7.10.2011 15:23
232;596;29;3;5.08.2009 12:26
233;493;30;1;20.04.2016 13:03
234;214;26;1;21.08.2015 15:52
235;677;14;1;24.11.2018 14:54
236;366;1;1;15.11.2010 16:38
237;538;22;1;21.06.2019 15:55
238;53;21;1;17.08.2009 11:56
239;435;21;1;1.11.2017 10:53
240;115;17;1;11.01.2017 12:45
241;204;7;1;3.07.2011 15:31
242;359;10;1;23.05.2014 14:23
243;515;21;1;24.11.2010 10:47
244;536;15;1;20.02.2009 16:48
245;188;28;1;20.08.2009 16:51
246;355;2;1;18.11.2018 12:42
247;287;27;1;25.10.2009 09:03
248;602;29;1;3.10.2013 16:45
249;467;4;1;19.05.2016 09:40
250;598;26;1;4.02.2015 11:55
251;739;4;1;22.10.2014 09:01
252;209;10;1;25.08.2014 10:51
253;572;23;1;2.02.2010 16:49
254;191;26;1;16.09.2011 16:34
255;750;24;1;25.01.2013 13:18
256;636;27;1;13.01.2012 10:07
257;465;27;1;1.11.2012 13:27
258;632;1;1;2.01.2013 09:02
259;389;8;1;18.01.2010 12:58
260;125;22;1;26.01.2014 13:23
261;272;15;1;11.03.2013 10:01
262;92;26;1;25.06.2013 13:07
263;619;25;1;15.02.2013 13:47
264;633;6;1;12.04.2019 14:11
265;22;10;1;21.07.2010 10:24
266;247;12;1;5.08.2011 15:30
267;394;23;1;16.02.2013 15:32
268;617;20;1;21.02.2016 10:02
269;482;19;1;24.03.2017 16:06
270;626;13;1;16.02.2012 09:46
271;137;5;1;17.03.2015 10:58
272;38;20;1;22.06.2017 16:04
273;217;9;1;19.03.2019 09:06
274;213;1;1;20.06.2018 09:03
275;676;28;1;24.02.2016 09:27
276;281;29;1;6.05.2017 09:54
277;732;10;1;17.06.2012 10:25
278;559;4;5;10.10.2009 12:42
279;436;22;1;11.11.2009 13:55
280;393;25;1;13.03.2013 13:20
281;9;22;1;15.08.2012 09:58
282;357;23;1;25.01.2013 16:18
283;723;29;1;2.01.2019 14:25
284;135;2;1;24.07.2014 09:44
285;750;25;1;13.05.2014 15:07
286;45;14;1;26.02.2019 16:49
287;462;1;1;7.09.2012 10:17
288;694;4;1;6.10.2017 10:58
289;744;14;1;8.02.2015 14:32
290;184;18;1;3.04.2012 10:37
291;55;18;1;7.04.2010 12:04
292;538;26;1;15.08.2009 10:56
293;674;28;1;4.11.2009 15:45
294;294;20;1;7.04.2012 15:26
295;555;26;1;18.05.2015 14:09
296;316;1;1;10.02.2015 09:53
297;518;20;1;20.08.2018 09:03
298;626;7;1;7.12.2019 09:48
299;402;6;1;10.12.2016 11:44
300;208;21;3;14.02.2012 10:58
301;165;12;1;14.11.2009 09:24
302;5;2;1;19.02.2016 15:06
303;338;4;1;26.08.2009 13:00
304;722;22;1;10.02.2011 12:29
305;265;20;1;19.07.2015 12:11
306;186;26;1;16.05.2011 09:19
307;573;12;1;24.08.2015 13:15
308;577;30;1;25.01.2014 13:16
309;208;28;1;3.12.2011 14:17
310;36;27;1;9.06.2010 10:52
311;324;28;1;24.04.2016 14:58
312;725;30;1;19.09.2013 09:52
313;2;26;1;13.11.2016 13:50
314;170;23;1;1.05.2009 12:16
315;543;15;1;16.02.2017 14:09
316;482;3;1;10.08.2016 09:30
317;641;27;1;1.06.2014 11:13
318;327;27;1;1.02.2014 09:20
319;730;20;1;12.03.2015 09:25
320;408;11;1;15.12.2019 09:09
321;46;9;1;13.06.2017 16:39
322;516;27;1;21.05.2011 09:00
323;506;3;1;6.11.2017 14:10
324;718;26;5;22.04.2015 14:03
325;1;11;1;12.06.2019 10:34
326;269;21;1;18.12.2009 09:02
327;507;28;1;27.08.2011 14:40
328;109;8;1;20.03.2011 15:37
329;251;24;1;24.07.2018 09:20
330;715;5;1;24.01.2015 16:09
331;107;12;1;27.06.2012 15:10
332;69;22;1;14.12.2011 09:09
333;68;25;1;15.12.2014 10:32
334;346;5;1;21.03.2015 13:46
335;628;7;1;10.03.2016 11:36
336;300;26;1;1.01.2017 09:05
337;471;10;1;10.06.2017 12:33
338;532;14;1;18.03.2014 12:22
339;480;20;1;4.11.2010 13:41
340;202;22;1;4.05.2018 13:10
341;252;15;1;10.12.2015 14:43
342;15;29;1;23.01.2018 10:53
343;161;23;1;6.09.2017 11:50
344;720;20;1;6.05.2010 09:40
345;539;12;1;23.11.2018 14:27
346;703;21;1;11.12.2010 13:42
347;444;28;1;22.09.2018 09:39
348;416;22;1;11.12.2018 10:17
349;365;22;1;8.10.2019 14:09
350;207;4;1;12.12.2016 13:38
351;31;12;1;10.12.2016 16:59
352;18;23;1;13.02.2016 15:04
353;248;27;1;9.09.2019 09:12
354;620;22;1;21.01.2011 09:08
355;396;29;1;8.01.2011 09:50
356;597;30;1;16.04.2009 10:27
357;750;5;1;12.01.2010 09:57
358;478;23;1;5.08.2015 09:37
359;611;12;1;8.08.2012 09:01
360;165;29;1;24.05.2013 15:46
361;712;26;1;20.01.2010 09:23
362;483;23;1;4.09.2014 11:20
363;193;19;1;12.10.2013 15:27
364;58;18;1;16.02.2013 14:10
365;172;15;2;6.02.2009 12:43
366;606;30;1;15.01.2011 15:33
367;217;22;1;1.10.2011 10:33
368;442;4;1;20.01.2017 12:20
369;442;30;1;25.06.2018 15:50
370;510;22;1;27.10.2010 09:56
371;115;24;2;25.03.2012 09:41
372;15;17;1;9.10.2016 14:39
373;686;11;1;1.08.2017 12:33
374;567;27;1;9.11.2009 09:22
375;314;12;1;23.10.2014 15:04
376;660;8;1;24.01.2015 16:33
377;310;23;2;3.08.2018 11:56
378;445;22;1;8.11.2016 11:47
379;102;30;1;15.06.2009 13:57
380;612;24;1;24.09.2016 09:53
381;706;28;1;24.06.2009 09:47
382;182;10;3;11.11.2018 15:28
383;675;9;1;23.11.2011 15:09
384;259;22;1;2.06.2011 11:26
385;450;23;1;19.12.2013 13:43
386;461;15;1;8.03.2019 10:59
387;260;26;1;5.07.2012 14:25
388;317;2;1;25.04.2019 14:19
389;703;21;1;5.10.2018 15:33
390;491;7;1;7.10.2018 10:23
391;452;28;1;1.11.2012 14:38
392;336;20;1;26.04.2013 09:58
393;611;8;1;17.06.2010 13:32
394;643;21;1;22.08.2014 09:22
395;155;17;1;5.01.2017 16:30
396;485;1;1;7.09.2009 14:06
397;535;6;1;26.05.2019 09:34
398;708;7;1;9.02.2016 15:52
399;226;27;1;4.07.2012 12:58
400;14;22;1;18.01.2012 14:23
401;401;14;1;11.08.2016 10:42
402;415;28;1;17.12.2011 12:05
403;462;7;1;13.10.2012 12:18
404;610;7;1;4.06.2019 12:45
405;584;15;1;20.01.2015 10:32
406;728;18;1;9.06.2019 09:36
407;28;28;1;21.06.2010 10:39
408;82;6;1;8.06.2014 16:56
409;447;29;1;9.05.2009 10:56
410;266;28;1;16.12.2019 13:27
411;264;15;1;3.03.2009 11:07
412;36;26;1;27.07.2011 15:00
413;716;10;1;21.12.2011 10:05
414;216;9;1;21.02.2012 12:37
415;382;18;1;25.05.2014 10:07
416;511;4;1;23.10.2013 16:05
417;724;11;1;13.10.2011 11:21
418;165;11;1;21.12.2015 16:46
419;306;15;1;3.12.2018 10:12
420;380;15;5;11.04.2009 10:19
421;399;10;1;24.04.2015 09:47
422;705;4;1;27.05.2019 15:07
423;534;26;1;27.10.2012 15:55
424;333;17;1;21.10.2009 12:47
425;402;25;1;9.01.2011 16:10
426;517;23;1;24.08.2015 10:19
427;225;16;1;17.03.2012 16:18
428;342;19;1;16.09.2016 13:54
429;238;28;1;4.11.2009 15:46
430;689;6;1;21.12.2010 09:38
431;431;8;1;11.10.2017 16:33
432;615;15;1;16.08.2013 14:25
433;604;10;1;19.05.2017 13:24
434;30;11;1;3.07.2015 11:35
435;233;26;4;10.05.2014 14:19
436;731;23;1;13.08.2012 11:18
437;714;6;1;13.01.2012 09:01
438;301;17;1;22.03.2010 15:17
439;187;4;1;17.06.2013 13:06
440;16;8;1;18.03.2009 09:34
441;100;5;1;27.03.2010 14:50
442;274;22;1;6.11.2011 16:18
443;128;25;1;7.08.2012 13:57
444;237;15;1;10.06.2010 09:02
445;364;4;5;5.02.2016 13:59
446;453;9;1;10.08.2013 12:22
447;663;7;1;2.05.2015 10:27
448;481;17;1;18.07.2015 12:26
449;181;26;1;12.11.2018 10:00
450;692;29;1;25.05.2017 14:32
451;484;3;1;26.09.2010 09:49
452;617;11;1;7.05.2015 13:08
453;506;15;1;15.01.2019 14:05
454;701;8;1;15.05.2014 16:10
455;235;18;1;16.10.2014 09:09
456;659;30;1;15.09.2016 16:44
457;241;25;1;16.09.2018 13:45
458;734;18;1;24.04.2016 11:41
459;358;16;1;15.11.2017 15:27
460;738;22;1;6.05.2009 10:39
461;193;22;1;2.07.2015 16:29
462;185;30;1;26.07.2013 15:41
463;416;10;1;22.11.2017 14:54
464;477;2;1;22.10.2010 16:37
465;166;13;1;24.12.2009 13:04
466;10;6;1;9.08.2013 14:50
467;238;14;1;9.04.2018 15:26
468;72;18;1;26.01.2011 15:05
469;129;17;1;6.10.2011 11:31
470;668;1;3;16.05.2015 11:23
471;46;7;1;18.07.2014 15:43
472;747;14;1;16.04.2012 12:07
473;98;18;1;19.08.2009 11:34
474;668;10;1;7.09.2009 09:07
475;222;16;1;24.11.2012 13:34
476;131;23;1;9.04.2016 16:06
477;181;16;1;20.05.2009 10:35
478;630;25;1;3.08.2014 16:44
479;288;2;1;27.02.2016 10:30
480;250;1;1;22.12.2011 13:58
481;431;4;1;9.04.2014 16:34
482;554;9;1;13.10.2019 12:09
483;620;30;1;26.05.2017 14:10
484;85;7;1;13.05.2013 10:20
485;537;29;1;5.04.2017 13:44
486;340;27;2;24.11.2016 11:13
487;9;26;1;18.07.2017 13:34
488;346;30;1;5.10.2010 09:03
489;738;27;1;8.08.2013 14:25
490;88;27;1;20.02.2015 12:04
491;444;23;1;22.05.2015 10:21
492;435;3;1;1.05.2019 13:36
493;680;7;1;13.01.2018 16:25
494;595;29;1;16.09.2018 12:04
495;351;6;1;4.06.2009 09:51
496;241;17;1;16.01.2012 13:04
497;283;16;1;17.08.2018 13:29
498;13;29;1;2.10.2011 11:29
499;252;29;1;20.03.2010 12:58
500;35;19;1;23.01.2019 12:19
501;93;29;1;19.08.2010 15:57
502;325;7;1;5.10.2012 15:11
503;367;17;1;11.11.2009 09:47
504;593;23;3;26.05.2012 14:52
505;661;21;5;24.01.2015 10:25
506;408;23;1;9.02.2014 13:00
507;656;12;1;3.05.2018 15:29
508;6;19;1;24.03.2010 11:24
509;723;16;1;25.08.2009 11:59
510;288;28;1;11.08.2010 11:56
511;526;18;1;5.09.2015 12:03
512;303;3;1;3.08.2009 16:31
513;392;6;1;21.08.2019 09:06
514;637;10;1;27.08.2018 16:47
515;598;30;1;22.01.2018 12:09
516;28;7;1;11.06.2012 14:15
517;635;4;1;25.06.2016 16:28
518;671;29;1;25.04.2012 11:18
519;703;3;1;18.06.2011 16:19
520;97;9;5;16.09.2019 15:21
521;47;28;1;13.07.2011 10:29
522;120;3;1;6.11.2015 10:25
523;454;1;1;22.03.2016 09:34
524;82;11;1;5.10.2009 16:34
525;695;2;1;20.02.2014 12:12
526;114;10;1;19.06.2013 10:51
527;350;11;1;26.07.2014 14:20
528;326;3;1;5.05.2015 10:15
529;155;11;1;9.01.2016 11:30
530;653;11;1;15.10.2014 15:20
531;573;27;1;24.02.2013 12:51
532;556;3;1;16.11.2019 13:34
533;101;29;1;9.08.2016 09:35
534;659;11;1;14.07.2016 09:49
535;506;14;1;15.06.2012 09:35
536;470;30;1;20.12.2018 11:55
537;448;15;1;13.07.2012 16:23
538;631;5;1;2.05.2017 12:19
539;666;13;1;27.01.2016 15:08
540;380;25;5;20.08.2011 16:14
541;719;22;1;5.08.2017 12:42
542;632;11;1;10.01.2014 14:07
543;748;7;1;21.02.2010 11:13
544;68;4;1;24.09.2017 12:16
545;214;20;1;5.12.2010 15:42
546;139;5;1;2.10.2011 12:12
547;562;4;1;14.02.2016 10:52
548;60;10;1;8.03.2019 12:18
549;419;2;1;3.10.2012 10:41
550;9;22;1;8.01.2015 15:13
551;607;22;1;19.11.2017 11:44
552;98;22;1;18.01.2015 13:50
553;141;7;1;9.06.2015 12:27
554;219;9;1;22.11.2015 09:57
555;210;7;1;20.03.2018 14:56
556;517;1;1;17.03.2016 15:56
557;261;1;4;18.03.2010 16:02
558;321;29;1;27.11.2011 10:24
559;1;10;1;16.03.2014 16:38
560;54;23;1;13.07.2016 13:40
561;420;28;1;27.12.2019 09:21
562;462;19;1;7.12.2013 13:09
563;361;27;1;4.02.2010 09:30
564;39;27;1;24.05.2019 14:40
565;287;5;1;13.04.2009 09:21
566;605;16;1;14.08.2016 11:53
567;142;8;1;5.02.2019 14:07
568;195;6;1;22.04.2013 09:53
569;261;23;1;2.01.2012 12:28
570;660;28;1;16.03.2013 11:33
571;702;4;1;17.03.2016 14:24
572;461;23;1;14.12.2012 14:28
573;375;6;1;6.09.2019 09:56
574;244;6;1;22.09.2013 16:36
575;625;15;1;9.07.2011 11:49
576;347;27;1;9.06.2009 15:16
577;83;10;1;21.11.2015 11:59
578;83;5;1;13.07.2014 11:30
579;499;27;1;8.08.2015 12:31
580;476;24;1;11.12.2012 09:33
581;219;30;1;6.07.2017 09:37
582;719;10;1;10.04.2017 11:51
583;258;23;1;10.12.2013 12:29
584;654;25;1;12.04.2014 16:56
585;492;26;1;18.09.2013 13:40
586;176;14;1;24.12.2019 11:12
587;575;5;1;17.05.2013 12:11
588;628;30;1;12.05.2012 15:00
589;674;24;1;18.02.2014 14:30
590;222;24;1;19.11.2009 11:52
591;575;22;2;13.06.2017 09:42
592;139;12;1;8.01.2009 10:48
593;295;22;1;18.10.2015 16:47
594;366;30;1;15.02.2017 09:25
595;639;23;1;18.11.2017 15:17
596;460;29;1;19.08.2009 14:41
597;413;28;1;1.07.2012 15:29
598;273;14;1;19.04.2014 15:13
599;574;30;1;27.03.2011 10:41
600;373;16;1;12.01.2015 13:08
601;262;12;1;22.12.2012 12:20
602;614;11;1;9.02.2016 12:34
603;40;7;1;4.05.2019 16:44
604;273;4;1;17.01.2010 13:36
605;399;24;1;22.03.2013 09:20
606;698;6;1;15.03.2014 11:45
607;709;30;1;16.11.2011 10:41
608;384;13;1;18.02.2017 14:19
609;740;26;1;3.06.2014 15:32
610;71;17;1;6.01.2015 11:13
611;270;30;1;26.11.2016 16:29
612;564;18;1;12.10.2017 16:13
613;452;29;1;11.11.2009 14:00
614;100;21;1;6.11.2015 14:15
615;29;11;1;20.11.2010 16:04
616;348;15;1;2.07.2013 12:16
617;340;19;1;12.08.2014 15:38
618;19;24;1;21.01.2017 14:19
619;224;24;1;19.09.2014 11:13
620;40;26;1;13.03.2018 10:34
621;44;20;1;17.07.2013 16:08
622;134;30;3;12.11.2011 15:00
623;643;22;3;4.09.2009 14:56
624;720;4;1;8.05.2013 14:26
625;542;8;1;17.06.2015 12:25
626;273;26;1;25.01.2011 14:01
627;567;12;1;9.05.2014 13:49
628;348;20;1;17.06.2012 15:43
629;440;23;1;3.03.2009 16:16
630;729;12;1;6.06.2010 16:08
631;88;18;1;19.11.2010 14:44
632;419;2;1;22.12.2012 16:47
633;374;25;1;6.02.2019 16:44
634;435;25;1;13.10.2009 15:04
635;600;15;1;1.12.2009 09:22
636;203;21;1;25.11.2010 12:16
637;680;28;1;6.11.2016 14:41
638;514;14;1;19.09.2011 16:26
639;466;5;1;17.06.2012 10:38
640;664;21;1;17.12.2012 11:00
641;43;4;1;21.02.2016 14:18
642;222;11;1;9.08.2011 13:54
643;172;8;1;20.04.2016 14:18
644;648;20;1;14.10.2014 14:49
645;533;7;1;2.04.2018 09:29
646;584;16;1;25.02.2010 10:35
647;631;8;1;3.03.2019 13:28
648;396;22;1;15.09.2016 10:45
649;96;1;1;5.04.2010 14:00
650;58;27;1;3.07.2016 16:39
651;455;4;1;17.01.2012 09:42
652;402;3;1;16.09.2014 14:37
653;524;3;4;23.02.2015 14:32
654;390;14;1;7.07.2017 15:07
655;456;17;4;10.05.2018 16:49
656;115;7;1;26.09.2016 12:49
657;545;17;1;17.01.2013 09:57
658;391;28;1;11.02.2013 12:01
659;391;13;1;26.08.2013 12:15
660;370;3;1;9.10.2016 11:52
661;610;29;1;14.04.2018 16:08
662;190;8;1;23.10.2017 12:25
663;239;30;1;22.06.2014 12:02
664;24;26;5;24.02.2016 10:10
665;721;15;1;20.07.2018 15:38
666;259;3;1;12.10.2018 13:16
667;72;27;1;15.01.2013 16:46
668;748;17;1;2.06.2009 10:42
669;457;12;1;23.07.2013 14:49
670;682;27;1;2.07.2015 14:23
671;254;28;1;26.01.2013 15:56
672;364;24;1;4.01.2011 14:49
673;326;7;1;24.04.2012 09:23
674;333;19;1;5.02.2016 10:31
675;88;18;1;10.12.2018 12:52
676;363;4;4;16.01.2011 15:07
677;123;6;4;2.12.2017 10:39
678;193;14;1;2.07.2011 11:03
679;173;28;1;2.11.2015 14:07
680;240;14;1;20.06.2014 15:18
681;646;7;1;13.12.2013 11:38
682;372;16;1;10.11.2017 14:08
683;742;30;1;6.03.2018 14:29
684;670;20;1;25.10.2016 14:18
685;576;22;1;6.03.2019 12:09
686;661;12;1;21.08.2011 12:33
687;745;19;1;18.09.2015 10:01
688;75;7;1;20.08.2010 15:57
689;158;10;1;17.05.2011 11:59
690;202;14;1;21.01.2011 15:39
691;668;2;4;16.04.2010 16:10
692;340;14;1;22.07.2012 11:33
693;58;21;1;22.05.2018 12:28
694;365;13;1;21.11.2017 13:37
695;718;28;1;7.07.2018 10:51
696;306;8;1;13.12.2012 12:44
697;392;23;1;14.07.2017 13:24
698;262;21;1;15.02.2014 10:56
699;37;27;1;9.03.2018 13:46
700;530;27;1;22.12.2014 13:31
701;291;20;1;8.06.2016 14:11
702;328;30;1;9.01.2014 11:37
703;52;14;1;23.09.2009 10:53
704;505;9;4;4.04.2017 11:27
705;236;23;1;20.03.2018 16:11
706;308;27;1;23.10.2011 09:31
707;70;9;1;26.10.2014 09:12
708;498;16;1;4.07.2010 14:31
709;366;11;1;25.04.2018 10:09
710;164;20;1;20.10.2015 12:24
711;187;6;1;27.02.2013 11:10
712;59;13;1;17.01.2010 16:52
713;275;25;1;17.01.2019 13:20
714;91;2;1;17.07.2016 13:47
715;503;28;1;16.03.2012 09:14
716;299;25;1;7.05.2017 10:05
717;113;14;1;27.12.2015 12:19
718;595;11;1;10.07.2014 12:11
719;56;17;2;9.06.2012 14:49
720;559;24;1;17.11.2011 10:47
721;490;28;1;27.10.2013 12:24
722;227;12;1;16.02.2019 15:06
723;652;4;1;12.07.2017 16:00
724;442;21;1;16.02.2017 10:20
725;268;2;1;13.06.2010 16:24
726;744;18;1;4.06.2017 09:23
727;443;28;1;15.08.2015 14:54
728;41;4;1;4.04.2011 11:42
729;533;10;1;13.09.2015 10:18
730;19;24;1;14.10.2014 12:18
731;537;6;1;27.02.2011 11:29
732;72;1;1;14.08.2015 11:08
733;360;7;1;2.11.2016 14:45
734;684;28;1;8.11.2009 15:09
735;125;28;1;4.05.2009 11:07
736;711;11;1;21.10.2015 16:35
737;579;14;1;27.12.2017 14:19
738;513;17;1;26.11.2011 10:54
739;348;28;1;8.09.2017 10:13
740;272;20;1;18.11.2009 11:55
741;16;19;1;6.09.2017 12:31
742;234;17;1;5.09.2016 13:34
743;702;1;1;8.07.2013 16:59
744;339;16;1;1.09.2018 10:01
745;687;18;1;20.05.2013 16:40
746;443;20;2;17.06.2015 11:09
747;151;18;1;24.10.2011 15:32
748;538;20;2;23.10.2018 11:12
749;32;26;1;24.09.2017 14:56
750;42;5;2;13.03.2010 11:12
751;679;30;1;22.12.2019 11:15
752;231;15;3;9.10.2019 12:14
753;173;1;1;2.01.2010 10:27
754;201;25;1;20.05.2012 10:51
755;236;2;1;2.05.2018 13:05
756;364;5;1;24.01.2014 16:37
757;646;7;1;2.02.2010 15:20
758;25;5;1;27.11.2013 09:33
759;386;7;1;17.01.2017 14:56
760;388;16;1;9.12.2017 12:26
761;527;8;1;20.03.2011 15:02
762;561;25;1;14.03.2014 11:27
763;409;8;1;11.03.2019 13:13
764;115;9;1;8.01.2012 09:35
765;737;1;1;17.11.2017 15:23
766;106;2;1;19.07.2014 10:51
767;697;9;1;4.07.2019 14:32
768;277;5;1;7.05.2019 11:27
769;199;1;1;23.04.2011 14:25
770;378;5;1;27.08.2019 09:04
771;546;22;1;7.05.2018 11:46
772;646;12;1;6.04.2013 11:46
773;616;14;1;3.08.2012 16:56
774;381;4;1;26.10.2014 15:35
775;383;7;1;3.08.2009 13:10
776;225;16;1;22.09.2013 14:41
777;579;6;1;16.04.2010 15:31
778;372;12;1;1.12.2009 12:15
779;206;28;2;24.06.2019 15:20
780;702;11;1;26.05.2016 12:27
781;284;23;1;15.08.2018 11:58
782;83;28;1;12.01.2014 12:55
783;35;25;1;5.06.2016 13:42
784;319;9;1;4.11.2019 09:52
785;403;15;1;24.09.2010 12:15
786;85;6;1;11.12.2016 09:19
787;540;20;1;22.02.2019 14:18
788;650;30;1;2.04.2018 11:12
789;449;1;1;25.06.2011 16:47
790;166;8;1;10.12.2017 15:24
791;689;12;1;8.01.2014 14:36
792;536;21;1;17.12.2016 14:44
793;475;30;1;8.07.2011 16:20
794;168;3;1;3.09.2009 13:03
795;16;1;2;15.05.2016 12:00
796;661;6;1;24.02.2010 15:31
797;612;27;1;13.09.2009 12:10
798;90;14;1;12.06.2009 14:41
799;539;12;1;26.08.2018 10:20
800;117;22;1;8.06.2017 12:43
801;305;2;1;22.02.2010 13:37
802;347;19;5;4.11.2009 15:52
803;581;29;1;14.11.2012 13:39
804;733;13;1;9.02.2016 12:42
805;188;5;1;27.11.2016 09:59
806;337;13;1;12.08.2013 14:37
807;588;14;1;16.11.2016 09:53
808;397;1;1;26.12.2012 11:09
809;468;30;1;3.01.2010 11:55
810;7;22;1;18.03.2011 10:26
811;641;21;1;10.01.2015 15:23
812;615;27;1;16.09.2018 13:17
813;28;8;1;20.12.2019 09:27
814;346;22;1;16.08.2013 14:34
815;190;30;1;20.01.2011 11:00
816;16;9;1;25.06.2013 11:26
817;365;2;1;3.10.2014 10:10
818;644;5;1;14.06.2010 16:32
819;274;9;1;27.11.2011 10:33
820;268;2;1;1.06.2016 11:51
821;331;29;1;24.06.2012 09:02
822;585;6;1;1.10.2013 09:21
823;679;22;1;24.08.2016 10:37
824;157;26;2;14.02.2013 12:40
825;726;8;1;19.06.2010 09:33
826;81;25;1;9.02.2015 14:40
827;361;22;1;17.11.2013 11:05
828;273;24;1;22.07.2013 10:35
829;718;25;1;14.05.2018 12:21
830;696;19;1;21.04.2018 12:16
831;655;13;1;27.08.2009 10:02
832;722;18;1;13.07.2015 09:47
833;49;2;1;18.05.2015 11:24
834;297;17;1;5.03.2009 12:31
835;254;2;1;15.07.2012 11:36
836;328;15;1;20.06.2012 10:20
837;294;22;1;2.12.2015 10:30
838;15;23;1;11.12.2018 09:55
839;609;28;1;23.01.2012 15:47
840;246;26;1;18.05.2010 13:11
841;605;7;1;23.09.2009 13:23
842;16;8;1;11.06.2019 12:59
843;44;27;1;9.01.2014 12:39
844;173;11;1;23.11.2015 14:28
845;513;29;5;8.05.2010 11:18
846;579;13;1;27.10.2014 10:24
847;599;5;1;6.03.2018 09:57
848;750;23;5;2.04.2017 14:24
849;186;8;1;4.04.2009 11:41
850;293;25;1;10.03.2019 09:10
851;711;12;1;14.10.2012 15:54
852;591;25;1;19.12.2013 12:14
853;511;29;1;19.05.2011 09:27
854;331;17;1;10.08.2018 10:59
855;608;3;1;23.10.2013 11:56
856;429;24;1;23.10.2013 09:06
857;684;29;1;2.02.2014 16:39
858;496;28;1;5.08.2016 13:34
859;535;21;1;6.06.2012 16:58
860;724;7;1;14.12.2018 16:25
861;156;21;1;2.09.2013 14:20
862;380;19;5;21.06.2018 10:23
863;112;6;1;13.04.2013 15:12
864;512;22;1;3.04.2017 09:42
865;296;12;1;1.06.2018 15:29
866;247;11;1;24.08.2011 09:23
867;167;22;4;14.02.2013 13:40
868;19;29;1;17.10.2011 15:44
869;614;24;1;4.09.2013 16:05
870;254;18;1;18.08.2016 12:23
871;487;29;1;6.10.2009 16:40
872;261;28;1;6.08.2015 09:01
873;82;8;5;22.10.2012 11:47
874;280;11;1;6.08.2019 16:48
875;643;11;1;23.01.2019 10:04
876;157;7;1;15.10.2012 12:02
877;564;4;1;7.07.2019 10:59
878;21;20;1;5.02.2018 14:49
879;105;14;1;22.03.2012 13:04
880;115;26;2;27.07.2019 16:41
881;483;15;1;16.12.2013 10:24
882;513;27;1;15.01.2011 14:55
883;276;23;1;19.09.2013 15:15
884;529;22;1;26.06.2009 09:15
885;593;6;1;11.12.2016 16:39
886;619;21;1;22.03.2011 10:01
887;54;26;1;7.09.2011 15:40
888;679;8;1;9.10.2015 16:25
889;115;19;1;12.09.2014 09:09
890;484;22;1;27.01.2019 16:56
891;460;10;1;26.01.2014 14:34
892;320;3;1;6.06.2012 16:37
893;480;19;1;2.09.2015 16:04
894;359;9;1;3.06.2013 10:15
895;259;25;1;17.01.2019 13:53
896;266;26;1;17.08.2012 10:08
897;650;27;1;10.10.2011 09:30
898;408;18;1;8.02.2013 11:59
899;589;23;4;23.01.2015 13:51
900;587;13;1;3.02.2010 10:12
901;712;18;1;4.12.2011 09:26
902;4;1;1;9.02.2011 13:45
903;58;22;1;5.01.2011 11:17
904;628;16;1;10.02.2019 14:52
905;321;14;1;5.01.2019 13:04
906;335;1;3;3.10.2013 13:35
907;48;20;1;22.05.2018 15:46
908;530;8;1;6.07.2010 13:21
909;280;16;1;25.06.2012 09:55
910;567;20;1;21.07.2015 13:06
911;366;13;1;3.03.2014 10:59
912;558;8;1;14.04.2016 16:10
913;340;27;1;3.11.2013 11:05
914;161;20;1;16.11.2015 12:58
915;96;1;1;13.08.2011 09:31
916;705;5;1;25.10.2019 13:22
917;189;15;1;9.01.2012 15:11
918;464;17;1;9.03.2018 10:23
919;171;15;1;4.05.2019 12:40
920;733;29;1;16.07.2011 11:41
921;479;26;2;16.08.2014 15:04
922;66;13;1;18.06.2016 15:35
923;101;12;1;11.02.2019 13:14
924;417;9;1;14.06.2014 11:33
925;326;1;1;25.07.2018 09:46
926;620;14;1;26.07.2009 13:50
927;346;10;1;27.11.2014 14:50
928;313;25;1;5.11.2013 10:05
929;201;29;1;26.02.2013 12:51
930;166;8;1;19.08.2018 09:36
931;39;23;1;18.02.2013 16:25
932;624;11;1;14.06.2011 11:14
933;566;12;1;14.09.2014 14:29
934;162;30;1;9.02.2012 15:25
935;620;25;1;12.10.2016 13:16
936;347;15;1;6.03.2016 13:40
937;147;15;1;23.11.2012 13:46
938;173;17;1;6.04.2018 12:13
939;591;30;1;2.12.2014 12:59
940;321;1;1;12.04.2015 14:54
941;726;28;1;17.01.2016 13:08
942;308;26;1;25.08.2016 11:07
943;287;10;1;7.11.2009 10:26
944;349;23;1;5.07.2009 15:17
945;141;16;1;14.07.2009 13:25
946;10;18;1;5.04.2014 13:21
947;248;23;1;14.04.2009 14:04
948;177;1;1;20.04.2013 16:45
949;582;21;1;24.09.2019 10:18
950;202;7;1;22.08.2010 10:25
951;667;20;1;3.07.2015 16:47
952;302;19;1;4.01.2013 12:14
953;450;9;1;15.02.2011 16:30
954;500;7;1;25.09.2016 12:31
955;343;23;1;23.04.2016 13:49
956;351;19;1;20.04.2016 14:00
957;561;21;1;17.03.2010 11:36
958;537;20;1;11.03.2015 16:37
959;469;29;1;9.10.2010 12:19
960;390;6;1;14.10.2011 14:26
961;470;19;1;21.11.2017 15:39
962;278;11;1;20.06.2015 16:01
963;160;22;1;26.10.2009 11:12
964;692;28;1;25.02.2010 14:22
965;672;8;1;1.11.2015 12:52
966;736;11;1;25.09.2019 12:20
967;382;11;1;16.07.2010 16:58
968;401;12;1;27.09.2010 13:38
969;442;25;1;1.07.2016 14:03
970;246;20;1;4.01.2018 11:18
971;606;26;5;14.10.2015 15:43
972;276;25;1;10.04.2009 14:26
973;54;11;1;18.07.2019 09:51
974;488;15;1;13.11.2016 11:08
975;48;1;1;16.09.2011 12:18
976;584;21;1;2.12.2016 16:33
977;348;14;3;10.07.2016 16:35
978;22;4;3;2.03.2015 10:47
979;60;28;1;4.06.2017 16:59
980;345;24;2;14.07.2011 15:32
981;727;19;1;19.02.2012 13:06
982;509;29;1;9.09.2012 11:00
983;278;23;1;23.07.2010 09:09
984;441;5;1;20.02.2013 13:58
985;609;1;1;4.02.2010 11:40
986;535;4;3;20.11.2014 13:24
987;183;27;1;17.10.2012 11:55
988;532;20;1;26.10.2015 12:44
989;636;3;1;19.06.2016 10:49
990;306;11;1;14.02.2012 13:09
991;709;14;1;18.05.2013 16:46
992;51;4;1;27.12.2019 11:06
993;74;5;1;15.11.2014 14:52
994;301;5;1;27.11.2009 09:11
995;211;24;2;17.04.2010 13:51
996;214;7;1;20.10.2018 11:42
997;293;10;1;6.08.2011 11:42
998;74;6;1;2.12.2010 14:34
999;111;11;1;18.08.2010 16:24
1000;18;8;1;7.01.2014 14:44
1001;561;16;1;10.05.2013 09:17
1002;189;4;1;15.01.2013 16:24
1003;190;4;1;5.02.2011 12:30
1004;498;1;1;27.09.2014 16:50
1005;308;5;1;6.01.2014 10:04
1006;578;15;1;1.01.2010 11:42
1007;495;14;1;7.09.2016 15:18
1008;428;8;1;20.11.2017 16:53
1009;139;19;1;9.03.2014 15:58
1010;660;28;1;20.05.2018 09:49
1011;429;6;1;11.07.2014 12:16
1012;446;22;1;9.10.2011 14:00
1013;136;23;1;25.12.2014 13:00
1014;202;25;1;21.12.2009 15:24
1015;558;15;1;26.03.2014 13:59
1016;696;8;1;7.11.2018 16:09
1017;340;1;1;26.07.2018 13:05
1018;38;3;1;22.07.2011 09:11
1019;738;2;1;12.06.2014 11:39
1020;205;30;1;13.08.2018 13:12
1021;709;17;1;3.12.2011 09:34
1022;125;22;1;23.01.2018 11:16
1023;666;25;1;19.02.2011 09:21
1024;203;28;1;9.12.2011 15:18
1025;236;28;1;4.08.2014 11:02
1026;260;22;1;23.11.2016 16:40
1027;422;2;1;12.07.2011 10:48
1028;281;2;1;11.04.2009 09:19
1029;512;29;1;5.06.2012 12:53
1030;505;30;1;27.04.2018 15:58
1031;1;15;1;26.04.2017 11:41
1032;191;23;2;15.02.2015 11:42
1033;119;4;2;6.03.2016 14:50
1034;666;27;1;10.01.2009 16:25
1035;507;1;1;4.10.2014 10:37
1036;436;11;1;11.11.2010 13:39
1037;595;24;1;27.06.2015 16:04
1038;296;26;1;4.12.2014 10:26
1039;35;24;1;20.05.2011 10:47
1040;585;10;1;10.08.2010 11:46
1041;491;27;1;25.01.2017 12:52
1042;269;14;1;10.01.2011 09:39
1043;383;9;3;10.10.2019 16:46
1044;698;25;1;12.07.2015 15:08
1045;166;23;1;12.05.2010 11:53
1046;367;11;1;10.01.2009 15:58
1047;382;25;1;18.02.2017 14:16
1048;573;17;1;1.04.2011 13:58
1049;185;21;1;18.02.2013 15:54
1050;291;22;1;10.09.2014 16:50
1051;673;30;1;26.10.2018 15:44
1052;681;1;1;4.04.2011 13:55
1053;686;20;1;7.03.2011 11:19
1054;185;9;1;20.01.2011 09:09
1055;394;21;1;7.01.2013 15:17
1056;472;16;1;9.06.2017 16:58
1057;69;25;1;4.04.2010 14:30
1058;241;7;1;1.10.2015 10:00
1059;464;28;1;26.04.2016 11:36
1060;428;6;1;2.07.2014 09:03
1061;186;13;5;24.12.2019 14:45
1062;271;28;1;10.03.2018 16:26
1063;741;20;1;18.08.2012 11:18
1064;275;15;1;8.12.2014 10:18
1065;331;9;1;13.09.2019 15:09
1066;206;16;5;18.03.2018 13:24
1067;157;30;1;20.04.2019 09:08
1068;236;23;1;17.05.2012 11:59
1069;4;30;1;27.06.2009 10:39
1070;456;21;3;23.11.2011 14:18
1071;312;30;1;16.11.2014 15:50
1072;712;23;1;23.04.2009 12:40
1073;709;25;1;16.09.2018 13:45
1074;518;19;1;18.04.2015 13:32
1075;350;21;1;9.03.2019 16:39
1076;76;25;1;12.05.2018 16:07
1077;468;27;1;24.04.2011 10:25
1078;522;6;1;3.05.2016 11:13
1079;289;8;1;10.03.2014 12:54
1080;140;1;1;10.05.2017 12:00
1081;467;29;1;24.06.2012 13:16
1082;461;3;2;8.09.2011 11:26
1083;568;28;1;14.09.2013 13:06
1084;106;22;1;2.12.2014 14:36
1085;614;11;1;27.10.2009 16:00
1086;492;10;1;8.11.2015 13:25
1087;110;12;1;2.12.2013 10:28
1088;466;8;1;24.09.2010 13:27
1089;501;16;1;12.11.2014 11:16
1090;451;2;1;13.11.2011 13:34
1091;150;16;1;10.05.2016 13:05
1092;297;6;1;15.10.2017 12:23
1093;105;25;1;21.05.2012 14:19
1094;65;5;1;25.09.2018 15:34
1095;365;8;1;22.08.2012 13:21
1096;70;16;1;19.01.2012 10:32
1097;176;4;5;23.07.2018 12:31
1098;626;11;1;21.04.2015 09:41
1099;66;14;1;2.09.2011 15:16
1100;602;10;1;7.12.2015 10:57
1101;84;25;1;1.02.2017 12:03
1102;417;25;1;7.05.2017 09:50
1103;337;29;1;21.01.2016 09:45
1104;575;30;1;5.04.2013 09:04
1105;679;15;1;23.04.2016 10:34
1106;532;25;1;10.09.2009 15:12
1107;472;26;1;11.01.2011 15:40
1108;314;1;1;18.02.2012 16:30
1109;168;24;1;16.05.2016 09:50
1110;324;5;1;16.02.2015 13:51
1111;267;1;1;2.08.2019 11:06
1112;409;17;1;7.07.2017 09:24
1113;371;8;1;26.09.2012 09:55
1114;743;10;1;12.04.2017 11:05
1115;344;30;1;10.07.2015 10:38
1116;184;22;1;3.06.2009 16:29
1117;192;9;1;4.05.2014 14:36
1118;289;11;1;18.05.2018 14:51
1119;190;23;1;22.08.2011 15:29
1120;157;2;1;2.08.2014 11:26
1121;238;12;1;19.12.2011 15:17
1122;131;6;1;21.12.2019 14:59
1123;621;23;1;25.07.2013 15:38
1124;31;18;1;20.12.2013 15:19
1125;203;22;1;8.03.2009 15:39
1126;317;5;1;20.10.2017 10:05
1127;499;27;1;25.02.2012 09:18
1128;86;23;1;17.02.2016 09:15
1129;306;1;1;18.05.2015 13:46
1130;567;29;1;27.01.2010 15:33
1131;421;25;1;7.12.2018 09:16
1132;224;19;1;20.11.2012 10:27
1133;163;23;1;10.10.2015 10:53
1134;658;4;1;10.09.2012 10:29
1135;171;20;1;25.06.2016 10:29
1136;600;16;1;12.06.2016 15:14
1137;44;25;1;24.07.2013 15:20
1138;372;4;1;8.08.2010 12:32
1139;689;24;1;17.02.2010 13:16
1140;44;23;1;20.07.2019 14:12
1141;748;17;1;5.11.2019 09:21
1142;55;2;1;25.01.2013 14:36
1143;544;1;1;5.08.2010 11:42
1144;608;2;1;22.03.2010 12:54
1145;750;11;1;7.03.2018 10:13
1146;286;11;1;16.05.2018 10:37
1147;750;24;1;18.11.2017 10:30
1148;23;27;1;15.02.2009 16:00
1149;1;16;1;2.10.2014 13:42
1150;443;5;1;22.06.2012 11:00
1151;9;5;1;14.03.2013 16:01
1152;429;6;1;16.02.2019 09:05
1153;670;29;1;3.08.2011 11:28
1154;46;12;1;18.12.2017 16:36
1155;353;7;1;21.05.2014 11:31
1156;80;23;1;20.01.2010 15:26
1157;400;10;1;10.06.2010 13:22
1158;747;25;1;4.06.2013 11:15
1159;173;28;1;26.12.2014 13:59
1160;27;6;1;9.03.2018 12:18
1161;506;5;3;23.12.2018 10:17
1162;610;19;1;12.01.2018 11:17
1163;582;8;1;21.09.2011 12:57
1164;330;12;5;15.02.2019 11:38
1165;384;22;1;16.11.2012 15:02
1166;119;18;1;5.05.2017 14:02
1167;718;8;1;22.06.2019 14:59
1168;191;22;1;18.08.2009 10:31
1169;464;8;1;4.01.2011 14:56
1170;596;24;1;2.11.2011 15:33
1171;69;27;1;25.08.2014 14:24
1172;144;12;1;25.05.2016 12:38
1173;674;18;1;10.09.2011 16:19
1174;197;30;1;23.01.2013 14:18
1175;530;19;1;7.02.2018 15:56
1176;307;21;1;4.07.2011 11:33
1177;293;29;1;5.10.2010 13:12
1178;205;8;1;5.08.2016 14:23
1179;646;28;1;26.03.2009 15:13
1180;481;5;1;23.02.2019 16:10
1181;491;22;1;15.05.2014 10:46
1182;167;9;1;3.07.2019 14:22
1183;484;16;1;8.05.2010 10:08
1184;495;19;1;10.05.2014 10:54
1185;291;3;1;10.09.2015 14:47
1186;744;1;1;6.04.2013 13:09
1187;115;1;1;12.09.2017 13:09
1188;433;22;1;1.09.2017 15:21
1189;616;15;1;15.12.2015 16:13
1190;385;19;1;1.04.2016 11:20
1191;439;27;1;21.10.2018 13:11
1192;556;14;1;18.10.2019 12:55
1193;581;26;1;23.07.2019 10:13
1194;37;29;1;20.10.2012 14:57
1195;367;25;1;17.06.2009 14:56
1196;651;25;4;24.03.2011 16:23
1197;106;25;1;7.07.2012 10:26
1198;199;2;1;11.12.2017 15:26
1199;99;9;1;23.07.2018 14:00
1200;716;20;1;9.12.2019 09:10
1201;415;11;1;27.03.2013 09:27
1202;184;23;1;21.07.2014 10:58
1203;156;23;1;26.11.2015 16:22
1204;104;7;1;24.08.2017 16:10
1205;536;6;1;18.08.2016 10:56
1206;204;7;1;21.11.2014 09:04
1207;326;29;1;23.02.2012 13:23
1208;603;3;1;8.10.2014 12:18
1209;480;27;1;23.09.2018 09:45
1210;73;14;1;24.09.2011 11:38
1211;245;6;1;5.07.2015 13:30
1212;259;12;1;8.04.2018 09:04
1213;275;20;1;22.11.2019 15:11
1214;185;13;1;17.01.2015 12:30
1215;249;14;1;3.10.2015 10:15
1216;596;1;1;9.10.2014 11:22
1217;77;18;5;19.05.2016 10:41
1218;36;22;1;3.02.2011 14:19
1219;234;24;1;14.05.2009 15:36
1220;362;27;3;25.11.2010 16:40
1221;166;21;1;7.03.2019 14:18
1222;496;6;1;25.11.2009 16:43
1223;183;30;1;15.09.2010 14:30
1224;290;14;1;3.09.2013 10:58
1225;583;29;1;23.10.2018 15:18
1226;188;19;1;9.10.2012 15:42
1227;494;30;1;25.08.2019 16:41
1228;750;17;1;15.08.2010 10:10
1229;571;19;5;22.09.2014 10:04
1230;336;21;1;10.09.2015 11:04
1231;399;20;1;3.06.2009 10:08
1232;532;7;1;25.09.2016 12:41
1233;681;17;1;8.02.2016 16:14
1234;297;11;1;3.07.2017 13:21
1235;407;4;1;21.02.2014 16:58
1236;743;20;1;11.07.2010 09:44
1237;398;1;1;8.04.2017 13:10
1238;318;26;1;2.09.2013 14:43
1239;515;27;1;22.04.2017 12:26
1240;602;20;1;6.08.2016 13:50
1241;226;24;1;27.07.2010 09:03
1242;142;1;1;23.05.2015 14:14
1243;333;7;1;14.04.2019 11:04
1244;543;26;1;23.07.2016 16:23
1245;316;13;1;26.10.2018 12:07
1246;622;17;1;10.02.2012 14:35
1247;532;23;5;8.02.2009 16:57
1248;675;19;1;8.09.2012 09:22
1249;41;28;1;14.02.2012 15:57
1250;633;4;1;5.11.2019 11:04
1251;251;18;1;15.01.2012 09:24
1252;22;1;1;17.04.2015 11:31
1253;657;25;1;5.09.2014 15:28
1254;427;30;1;7.03.2010 14:55
1255;224;6;1;17.06.2015 11:31
1256;610;14;1;11.11.2016 09:21
1257;26;11;1;5.04.2012 12:28
1258;330;5;1;22.02.2016 11:57
1259;190;15;1;23.01.2019 15:11
1260;701;25;1;8.02.2019 10:57
1261;551;18;1;26.01.2019 11:48
1262;318;19;1;6.07.2012 10:28
1263;235;1;1;6.08.2014 09:11
1264;85;9;1;12.01.2010 10:51
1265;422;21;1;24.11.2009 11:14
