1;25;32;5.02.2015 15:44
2;278;23;15.11.2019 16:48
3;264;44;18.10.2019 11:50
4;339;16;3.12.2012 14:01
5;453;8;13.03.2013 15:03
6;330;12;1.05.2012 10:42
7;7;48;17.09.2013 13:46
8;41;38;26.09.2018 11:29
9;5;16;27.02.2018 14:41
10;62;15;7.10.2014 14:18
11;502;20;9.01.2014 12:27
12;38;5;1.06.2019 14:19
13;169;47;17.06.2017 15:13
14;205;9;12.02.2015 14:14
15;242;25;5.11.2018 15:43
16;549;41;26.09.2015 15:54
17;746;13;12.12.2019 10:36
18;590;49;25.12.2013 09:25
19;221;12;18.10.2016 10:17
20;693;11;25.12.2012 16:18
21;666;45;25.12.2019 10:33
22;289;47;9.01.2013 09:36
23;332;10;10.08.2018 09:46
24;306;29;5.08.2017 14:20
25;489;24;6.10.2018 15:52
26;381;40;22.05.2015 11:34
27;733;41;12.07.2018 16:45
28;386;13;25.09.2016 10:08
29;56;40;21.06.2014 14:06
30;548;13;16.11.2015 10:48
31;347;48;18.05.2019 11:27
32;731;46;24.02.2013 16:49
33;140;44;2.07.2017 15:30
34;143;3;27.05.2019 11:01
35;540;10;20.06.2019 09:50
36;689;13;3.04.2015 16:43
37;565;39;18.02.2014 15:25
38;722;47;6.05.2014 09:01
39;75;33;19.12.2016 16:53
40;743;11;12.11.2017 10:26
41;596;4;20.11.2014 12:34
42;562;35;17.12.2013 13:13
43;713;49;1.01.2016 09:21
44;414;37;17.03.2014 09:19
45;397;6;24.10.2013 13:57
46;352;45;18.02.2012 14:36
47;163;7;8.02.2017 16:37
48;625;27;26.04.2017 16:46
49;209;5;11.06.2014 12:23
50;341;16;6.02.2013 12:55
51;704;29;15.11.2019 15:06
52;433;47;23.05.2015 15:09
53;331;29;13.01.2013 13:51
54;184;36;27.06.2015 13:08
55;487;45;1.12.2012 14:27
56;703;44;7.08.2017 14:03
57;590;5;22.09.2016 09:06
58;346;3;18.12.2016 09:06
59;64;45;21.04.2017 15:36
60;467;1;27.11.2016 13:37
61;258;22;27.06.2019 13:35
62;480;33;27.01.2016 09:07
63;67;17;22.08.2019 15:30
64;174;47;22.06.2016 11:41
65;500;15;18.10.2017 09:55
66;235;15;17.04.2016 14:19
67;126;50;13.08.2013 14:52
68;23;15;17.11.2018 09:54
69;38;17;22.03.2015 10:13
70;436;14;7.07.2016 10:54
71;17;12;12.04.2019 11:07
72;371;33;3.04.2019 14:49
73;674;12;22.07.2015 14:25
74;82;3;21.12.2019 14:49
75;641;13;21.12.2013 13:58
76;702;28;1.02.2013 09:21
77;631;6;22.04.2014 16:15
78;22;4;13.12.2013 12:56
79;331;22;5.07.2019 12:17
80;462;29;15.05.2014 13:39
81;235;16;13.10.2018 10:49
82;61;6;2.03.2015 14:58
83;188;30;4.10.2013 14:17
84;430;42;7.05.2013 14:02
85;672;44;2.11.2019 13:28
86;326;42;2.04.2016 10:19
87;102;31;22.09.2018 12:13
88;586;2;27.05.2012 14:51
89;153;20;4.05.2012 12:06
90;165;46;15.05.2014 15:36
91;94;6;10.12.2015 09:14
92;618;20;12.03.2019 11:12
93;469;22;15.05.2018 15:02
94;15;18;22.08.2018 11:48
95;694;30;27.02.2014 15:11
96;592;38;11.01.2012 10:36
97;531;49;19.07.2013 11:45
98;507;9;10.02.2018 10:27
99;507;41;20.12.2016 09:40
100;80;43;26.08.2017 12:12
101;214;34;8.07.2015 11:26
102;612;27;1.06.2019 11:38
103;235;40;14.02.2018 16:22
104;527;34;23.11.2016 12:50
105;278;18;15.12.2017 14:02
106;206;16;3.10.2019 11:08
107;401;30;17.04.2014 14:16
108;125;41;20.12.2016 10:22
109;450;43;5.11.2013 10:44
110;670;35;6.08.2018 12:06
111;100;44;24.02.2016 15:31
112;612;7;15.05.2019 13:43
113;82;2;3.04.2018 10:44
114;686;33;4.09.2012 13:59
115;617;39;26.11.2012 15:10
116;679;17;22.03.2016 14:41
117;11;12;27.11.2012 14:59
118;37;4;19.09.2013 14:07
119;541;29;4.12.2014 16:05
120;320;49;18.01.2013 14:29
121;454;29;18.07.2018 10:40
122;414;11;9.04.2016 09:03
123;245;22;10.05.2012 15:05
124;524;6;10.01.2014 12:18
125;160;44;7.10.2017 11:43
126;550;24;18.01.2015 10:39
127;204;49;18.10.2014 14:17
128;199;23;16.01.2019 16:32
129;731;28;27.10.2015 14:05
130;228;20;4.01.2013 09:17
131;643;11;7.02.2013 09:22
132;434;26;11.02.2015 09:52
133;456;49;10.08.2013 12:26
134;116;20;10.04.2017 12:19
135;411;49;13.07.2015 10:43
136;739;38;3.04.2012 14:25
137;732;38;6.11.2018 14:01
138;62;22;19.06.2014 14:33
139;139;32;18.03.2019 13:53
140;637;6;26.11.2013 10:08
141;320;38;9.05.2014 16:34
142;593;19;11.10.2017 13:50
143;568;40;27.02.2017 16:55
144;173;15;13.10.2016 10:52
145;601;36;19.04.2015 14:33
146;391;20;24.06.2019 10:58
147;80;50;13.10.2016 14:05
148;332;23;19.02.2012 15:34
149;518;38;12.01.2018 12:59
150;594;14;8.12.2015 12:50
151;22;7;10.06.2017 09:28
152;665;46;7.11.2018 12:09
153;176;24;23.08.2016 16:20
154;277;17;15.05.2017 13:05
155;502;15;2.01.2018 16:55
156;527;46;13.05.2012 11:05
157;710;48;7.12.2019 13:19
158;592;18;21.08.2018 11:08
159;131;10;8.04.2016 11:14
160;385;28;6.11.2015 14:31
161;15;21;27.11.2017 15:36
162;144;28;27.03.2014 14:05
163;713;41;19.06.2012 11:30
164;172;46;13.11.2014 12:14
165;310;31;18.11.2016 10:43
166;391;3;25.08.2015 13:19
167;211;50;20.09.2018 13:42
168;619;4;20.03.2012 15:55
169;192;42;9.01.2016 09:05
170;655;22;2.04.2017 14:24
171;385;7;21.07.2019 12:11
172;179;23;14.08.2013 12:40
173;498;47;13.01.2014 15:42
174;269;16;9.07.2019 09:00
175;529;22;15.01.2014 09:12
176;133;14;17.09.2019 13:28
177;183;49;27.02.2018 11:53
178;547;13;23.12.2012 12:59
179;8;35;17.11.2012 11:50
180;85;40;22.04.2017 15:09
181;619;19;14.01.2019 11:22
182;519;10;18.09.2014 14:38
183;61;40;3.01.2016 13:40
184;42;14;15.11.2012 15:43
185;257;9;4.02.2018 16:50
186;546;12;17.12.2014 13:09
187;705;7;21.06.2016 10:18
188;530;18;17.03.2018 14:02
189;413;40;16.09.2016 15:24
190;209;27;22.10.2018 12:54
191;279;8;3.11.2015 16:53
192;550;5;11.08.2019 10:59
193;570;33;5.06.2018 12:12
194;221;4;20.10.2017 15:08
195;572;1;17.04.2012 16:40
196;362;46;14.09.2014 10:18
197;438;16;22.04.2015 15:03
198;609;2;9.10.2015 10:32
199;173;40;26.05.2017 09:16
200;659;29;6.04.2013 12:46
201;442;38;4.04.2012 11:40
202;225;26;9.12.2016 14:48
203;110;9;8.02.2014 09:32
204;435;14;26.11.2012 13:19
205;677;48;2.02.2019 09:40
206;374;28;13.09.2016 09:36
207;307;41;24.10.2019 13:32
208;72;10;19.07.2015 12:21
209;624;25;24.06.2015 16:14
210;76;19;8.01.2016 15:10
211;187;38;14.02.2017 14:41
212;233;33;5.07.2018 15:45
213;735;43;15.11.2016 15:23
214;690;24;13.03.2013 10:45
215;436;2;24.06.2016 16:14
216;575;37;26.01.2018 10:31
217;544;15;23.03.2016 10:38
218;269;23;26.01.2012 12:34
219;61;46;16.02.2014 11:08
220;253;46;23.11.2012 09:02
221;576;35;5.08.2015 10:07
222;639;35;3.05.2014 15:35
223;168;17;4.09.2017 09:54
224;668;32;7.06.2012 14:02
225;404;46;3.07.2012 09:35
226;541;5;11.04.2012 16:20
227;642;23;16.08.2013 16:36
228;393;27;18.02.2012 10:08
229;536;7;23.11.2015 14:29
230;665;25;3.09.2015 16:32
231;115;43;10.11.2019 13:23
232;731;49;14.07.2019 14:35
233;52;38;21.06.2018 09:41
234;743;44;25.10.2014 10:43
235;610;4;7.06.2016 14:42
236;268;16;6.04.2013 15:59
237;289;45;10.02.2013 15:52
238;366;41;20.09.2016 16:38
239;478;43;14.01.2014 16:26
240;266;16;24.10.2013 14:29
241;154;14;6.04.2014 16:06
242;389;16;13.07.2013 12:24
243;298;29;26.03.2019 15:30
244;674;47;9.01.2018 10:36
245;592;39;9.12.2014 13:01
246;637;42;27.12.2019 16:17
247;120;28;8.09.2012 11:06
248;194;17;20.05.2018 09:05
249;187;40;21.09.2016 11:23
250;409;8;15.08.2012 12:10
251;676;22;19.03.2017 13:23
252;123;46;8.01.2016 10:11
253;266;41;9.12.2019 11:32
254;532;40;24.02.2012 10:06
255;236;18;19.01.2015 11:56
256;177;14;27.10.2018 09:19
257;135;30;26.02.2016 09:23
258;361;39;15.03.2019 16:38
259;222;27;7.06.2015 13:42
260;229;41;8.01.2014 12:43
261;267;19;9.12.2013 11:00
262;385;42;15.07.2014 09:09
263;237;12;21.12.2015 10:44
264;133;36;14.11.2015 10:06
265;118;42;13.05.2015 10:12
266;667;39;1.10.2018 10:36
267;522;16;22.01.2015 12:27
268;32;39;18.11.2014 14:49
269;103;25;27.11.2015 14:10
270;650;23;2.03.2017 13:50
271;454;17;15.10.2019 14:26
272;731;38;15.03.2019 11:03
273;501;14;21.12.2017 09:51
274;47;43;10.04.2012 10:27
275;716;50;5.10.2015 14:01
276;551;10;19.01.2017 12:53
277;11;18;14.06.2012 15:06
278;394;44;4.07.2016 11:48
279;147;6;5.11.2012 13:09
280;135;14;23.03.2017 13:01
281;196;7;6.06.2018 12:23
282;228;49;14.05.2014 14:52
283;627;11;11.07.2016 10:05
284;76;31;1.01.2018 10:18
285;317;29;7.03.2014 15:07
286;503;46;23.05.2017 09:47
287;331;19;27.03.2018 15:45
288;635;27;14.09.2019 14:21
289;213;37;21.02.2013 13:25
290;458;47;3.05.2019 14:14
291;584;39;26.07.2013 14:18
292;357;1;21.09.2012 11:45
293;581;30;5.08.2016 15:06
294;321;5;17.07.2016 14:09
295;463;31;16.10.2016 14:03
296;497;6;24.06.2014 10:19
297;374;49;15.02.2016 12:05
298;637;29;8.12.2019 11:06
299;718;33;24.05.2014 09:17
300;614;12;23.12.2019 12:26
301;676;46;23.11.2019 10:26
302;417;30;25.04.2016 13:12
303;36;45;18.12.2018 14:59
304;373;38;2.03.2012 13:02
305;485;45;24.10.2019 09:06
306;458;9;1.02.2012 11:28
307;217;17;15.07.2018 16:18
308;108;33;1.10.2014 12:40
309;320;44;14.02.2015 11:17
310;591;4;23.07.2012 13:20
311;698;31;11.10.2015 12:09
312;88;50;27.02.2013 14:51
313;487;4;27.08.2014 11:29
314;155;15;13.12.2014 16:11
315;494;25;3.04.2013 13:04
316;665;11;1.03.2018 16:36
317;122;13;19.04.2016 15:16
318;83;23;26.10.2017 10:42
319;24;39;2.11.2018 16:08
320;64;28;8.09.2016 13:18
321;699;2;17.05.2013 13:14
322;530;13;22.08.2015 13:52
323;517;31;26.09.2019 09:44
324;337;30;14.08.2018 09:05
325;541;39;19.01.2019 13:26
326;251;30;19.09.2015 10:26
327;349;19;16.06.2012 13:37
328;585;6;7.11.2016 10:06
329;80;9;7.06.2017 13:28
330;77;37;27.08.2018 10:11
331;602;1;6.04.2015 16:14
332;339;31;25.03.2017 12:52
333;54;45;13.09.2014 13:09
334;595;50;13.02.2018 15:51
335;421;3;13.01.2013 15:11
336;348;30;19.08.2018 12:08
337;526;23;1.02.2012 13:08
338;269;40;4.11.2019 16:03
339;472;22;3.06.2012 12:01
340;382;5;2.06.2013 15:37
341;343;8;15.12.2015 09:29
342;66;2;25.02.2016 14:23
343;263;1;15.07.2019 09:51
344;49;19;1.08.2018 10:27
345;234;45;5.04.2014 11:45
346;420;44;3.01.2019 11:33
347;667;12;25.08.2013 11:38
348;454;33;15.03.2012 11:15
349;492;15;2.10.2012 11:03
350;364;41;2.10.2013 09:35
351;198;20;7.04.2016 10:29
352;458;45;25.04.2013 11:44
353;120;46;7.02.2017 11:28
354;644;12;8.06.2013 14:25
355;35;23;22.09.2013 16:32
356;607;48;25.08.2014 14:23
357;143;1;17.04.2012 15:35
358;679;13;16.08.2019 13:33
359;629;18;14.01.2017 14:52
360;391;25;25.10.2015 11:43
361;134;11;12.11.2019 16:01
362;639;37;11.10.2019 09:06
363;667;36;15.08.2014 11:20
364;569;14;26.12.2012 15:40
365;268;38;17.12.2015 15:21
366;106;11;3.02.2017 15:49
367;495;2;25.08.2013 16:09
368;350;22;24.03.2018 10:39
369;81;29;7.03.2012 10:07
370;129;25;13.01.2017 16:52
371;51;31;23.07.2013 14:26
372;421;2;21.07.2012 16:48
373;104;47;24.08.2014 15:48
374;104;8;17.07.2013 13:55
375;584;19;16.06.2017 13:31
376;366;18;21.12.2012 15:01
377;563;14;21.03.2017 12:43
378;565;7;24.03.2018 13:57
379;153;10;13.01.2018 12:01
380;214;43;13.06.2016 10:16
381;745;7;15.07.2013 09:21
382;255;42;9.03.2016 11:58
383;351;15;13.12.2012 15:47
384;275;36;18.12.2013 09:09
385;584;19;1.09.2016 11:40
386;137;16;19.05.2015 11:51
387;279;39;3.03.2015 13:22
388;722;44;6.03.2013 13:59
389;407;44;22.01.2013 09:47
390;539;18;20.10.2012 14:39
391;261;5;27.05.2016 11:41
392;483;39;17.07.2018 11:34
393;210;43;2.07.2017 13:56
394;66;9;4.02.2019 13:22
395;685;8;1.03.2019 14:37
396;153;47;23.07.2019 16:27
397;443;19;27.02.2014 12:07
398;358;21;26.04.2016 13:05
399;682;8;2.09.2013 11:45
400;563;28;13.05.2017 09:29
401;555;2;14.03.2018 09:36
402;534;20;3.06.2014 12:56
403;421;30;9.10.2013 13:25
404;110;25;7.07.2019 10:52
405;30;37;13.10.2012 16:40
406;599;42;26.02.2014 15:53
407;303;48;14.04.2019 15:38
408;545;12;24.10.2014 10:33
409;312;15;20.03.2012 10:39
410;240;6;18.12.2014 10:15
411;506;35;20.01.2014 14:39
412;577;33;16.10.2019 12:56
413;166;13;18.06.2019 12:32
414;581;18;9.06.2018 14:51
415;103;4;8.02.2016 15:52
416;93;33;21.06.2013 12:27
417;457;11;5.02.2019 11:31
418;573;32;21.03.2019 11:35
419;704;47;22.11.2019 16:42
420;368;3;17.08.2013 10:33
421;377;5;23.12.2019 12:09
422;241;33;25.10.2014 16:26
423;390;36;25.07.2012 13:24
424;365;14;26.06.2018 11:03
425;518;39;24.12.2013 14:41
426;530;38;26.04.2017 14:37
427;417;49;1.03.2014 14:59
428;673;33;27.04.2012 15:23
429;285;4;16.06.2012 10:51
430;2;24;26.12.2013 15:39
431;502;22;6.04.2014 12:38
432;719;12;17.08.2014 14:16
433;100;36;4.05.2017 14:40
434;719;50;8.04.2014 13:25
435;746;36;15.11.2015 10:26
436;389;17;20.09.2019 15:31
437;649;43;17.07.2018 14:43
438;538;24;27.06.2016 12:06
439;120;50;7.11.2016 16:10
440;398;27;7.06.2018 12:39
441;623;20;4.06.2015 16:09
442;703;20;12.07.2017 16:18
443;353;49;13.10.2016 11:54
444;144;35;14.12.2014 13:45
445;254;10;1.10.2012 14:49
446;376;29;21.11.2016 15:10
447;382;24;16.10.2012 15:07
448;306;42;22.03.2012 16:28
449;279;38;21.09.2019 16:15
450;227;7;8.06.2018 09:25
451;92;17;4.09.2013 12:32
452;550;25;18.10.2015 13:16
453;74;39;4.09.2017 09:08
454;568;18;26.07.2018 09:00
455;82;46;1.11.2018 15:14
456;69;4;13.10.2014 14:58
457;45;27;13.07.2014 15:23
458;434;10;7.08.2014 15:06
459;359;5;25.06.2014 11:00
460;400;2;16.12.2012 13:17
461;393;41;1.03.2014 16:57
462;225;4;22.11.2018 12:47
463;615;40;27.08.2019 10:38
464;642;38;26.09.2016 12:22
465;52;41;11.01.2014 16:33
466;69;3;3.12.2018 15:00
467;437;33;3.10.2014 11:33
468;343;42;21.04.2019 16:16
469;334;18;16.05.2015 13:40
470;469;16;16.05.2013 16:32
471;635;46;16.08.2013 11:04
472;441;7;19.04.2018 15:27
473;44;31;11.06.2015 12:01
474;673;3;19.08.2016 09:28
475;120;46;8.10.2019 12:12
476;471;26;4.12.2015 14:04
477;265;28;4.09.2018 13:12
478;196;37;6.07.2018 12:31
479;738;41;8.07.2017 13:24
480;76;45;6.01.2018 12:19
481;460;5;9.10.2016 12:34
482;654;35;3.11.2018 13:09
483;648;17;4.09.2017 16:32
484;550;13;21.03.2013 12:26
485;194;14;3.04.2017 13:26
486;736;5;12.07.2013 14:07
487;236;5;1.10.2019 12:29
488;155;45;18.01.2012 16:59
489;163;33;21.01.2013 12:28
490;622;12;13.02.2012 13:01
491;290;36;9.03.2018 11:42
492;642;45;18.05.2012 11:10
493;450;5;10.03.2015 15:33
494;155;21;5.07.2019 09:37
495;517;47;5.03.2012 12:48
496;592;18;24.05.2018 16:30
497;255;25;25.03.2018 16:37
498;464;36;20.03.2016 13:25
499;701;34;13.03.2014 10:34
500;114;3;22.10.2016 11:23
501;67;10;12.05.2012 16:38
502;36;32;2.02.2013 16:13
503;358;10;16.08.2014 09:12
504;394;4;21.03.2015 12:42
505;483;10;21.04.2015 09:54
506;520;46;21.11.2018 09:48
507;303;8;1.12.2012 16:11
508;25;32;25.10.2016 16:14
509;524;46;2.02.2015 15:05
510;703;22;14.12.2013 10:58
511;85;32;10.03.2017 12:38
512;585;4;6.09.2015 12:07
513;278;47;22.01.2017 09:42
514;126;49;13.07.2012 14:00
515;549;11;15.03.2015 11:54
516;221;26;7.05.2014 10:06
517;556;14;24.06.2014 15:53
518;286;50;12.05.2012 16:49
519;726;8;11.06.2014 14:58
520;517;23;6.10.2017 11:02
521;625;29;10.08.2018 09:59
522;110;44;2.06.2017 10:57
523;722;4;26.01.2016 11:31
524;240;28;17.04.2016 09:28
525;582;44;20.01.2014 10:07
526;710;27;4.01.2016 14:01
527;354;27;21.04.2014 09:36
528;431;20;6.06.2014 14:11
529;386;11;23.07.2014 10:50
530;532;18;13.11.2014 14:00
531;748;23;21.07.2014 09:29
532;681;31;17.09.2013 09:32
533;224;50;25.11.2015 16:47
534;535;34;4.04.2019 09:47
535;393;29;16.05.2012 11:07
536;283;35;27.05.2018 15:18
537;550;46;2.01.2019 16:50
538;327;11;7.08.2015 10:29
539;199;3;13.07.2017 09:41
540;88;20;10.02.2014 12:05
541;616;48;1.12.2017 15:04
542;330;16;21.07.2018 15:31
543;505;43;14.05.2012 14:15
544;329;49;4.08.2015 15:30
545;428;34;1.02.2017 16:12
546;682;21;13.12.2014 13:32
547;39;19;21.11.2019 12:14
548;343;34;11.06.2014 16:24
549;412;35;21.05.2017 10:35
550;236;31;27.01.2012 12:56
551;660;32;12.08.2017 09:38
552;77;49;2.09.2013 16:19
553;265;33;16.10.2017 12:24
554;310;50;17.12.2018 11:52
555;258;47;18.10.2019 11:09
556;676;33;19.05.2018 15:44
557;446;39;15.12.2012 15:24
558;396;6;20.01.2019 09:31
559;654;7;3.11.2016 10:53
560;457;9;12.06.2018 13:47
561;172;34;19.01.2016 13:25
562;693;41;1.10.2017 15:54
563;127;12;1.04.2019 09:10
564;282;44;14.03.2012 13:34
565;131;13;12.11.2016 11:30
566;368;28;22.09.2017 14:36
567;458;33;3.12.2015 14:23
568;440;27;9.05.2018 15:00
569;318;1;4.07.2017 15:08
570;238;42;15.07.2018 12:13
571;320;33;14.09.2015 16:20
572;401;2;19.12.2013 12:46
573;439;18;9.09.2018 14:09
574;176;18;6.04.2014 09:50
575;490;40;7.05.2013 09:06
576;222;42;22.08.2013 11:38
577;729;20;7.09.2013 09:21
578;539;16;24.12.2016 12:30
579;45;5;15.05.2016 11:04
580;367;8;15.04.2019 13:08
581;528;42;12.02.2013 15:55
582;126;46;23.06.2019 13:50
583;18;35;16.09.2015 09:59
584;489;28;1.02.2017 15:02
585;351;5;11.01.2017 13:35
586;56;33;12.04.2016 15:57
587;180;49;23.04.2016 09:54
588;565;12;22.08.2017 11:31
589;543;42;22.10.2018 11:18
590;610;29;10.04.2015 10:15
591;743;49;19.03.2016 12:49
592;616;1;12.07.2017 10:08
593;281;26;20.05.2015 12:31
594;366;8;16.06.2017 16:49
595;91;33;21.07.2013 12:13
596;597;35;13.03.2012 13:55
597;267;15;26.05.2019 16:26
598;737;18;17.04.2013 10:30
599;263;15;17.05.2013 11:17
600;49;28;5.07.2015 15:52
601;309;2;16.08.2014 14:36
602;551;12;17.12.2014 15:31
603;685;44;25.12.2019 11:58
604;217;30;10.12.2019 14:14
605;256;48;15.04.2014 11:00
606;345;35;3.11.2017 14:11
607;108;50;26.11.2012 14:15
608;650;19;23.10.2014 10:37
609;663;41;5.09.2013 11:15
610;279;42;2.01.2016 15:02
611;253;33;14.09.2013 11:20
612;271;33;1.05.2015 13:17
613;306;8;11.05.2019 16:12
614;84;21;20.10.2016 11:09
615;264;6;2.11.2018 16:34
616;583;10;18.01.2012 14:40
617;529;6;4.03.2016 10:56
618;625;49;19.02.2013 16:27
619;608;18;20.09.2018 09:36
620;411;38;14.01.2012 14:15
621;11;39;2.02.2019 16:46
622;341;1;1.04.2014 15:13
623;283;12;4.06.2014 13:03
624;188;13;8.02.2012 13:32
625;279;41;26.03.2015 12:54
626;712;39;7.09.2019 10:50
627;386;42;2.04.2014 10:26
628;211;35;12.12.2014 14:26
629;64;7;1.09.2016 12:41
630;42;10;13.01.2016 11:39
631;734;26;10.09.2016 14:53
632;406;42;18.03.2015 11:18
633;658;3;7.06.2017 13:38
634;172;23;11.07.2018 11:46
635;724;10;6.06.2016 13:45
636;548;10;25.10.2019 11:23
637;692;24;7.12.2012 10:14
638;565;31;6.09.2019 12:22
639;735;29;9.06.2018 15:58
640;361;41;7.03.2018 10:49
641;286;18;10.12.2013 10:36
642;56;46;27.09.2015 09:24
643;284;17;19.11.2015 11:30
644;650;43;11.08.2017 11:33
645;615;31;8.06.2018 14:16
646;352;50;9.12.2012 09:11
647;688;13;5.07.2018 14:39
648;23;19;1.02.2015 10:39
649;231;42;21.10.2015 12:07
650;667;7;6.01.2014 13:12
651;195;19;15.11.2018 13:57
652;149;1;2.04.2013 13:01
653;121;38;5.07.2012 16:28
654;9;12;14.02.2017 09:49
655;29;4;16.11.2014 14:07
656;305;11;10.08.2018 13:25
657;322;29;25.07.2019 13:52
658;91;19;9.01.2013 15:57
659;209;25;26.03.2014 10:21
660;52;4;1.04.2012 15:07
661;549;32;24.08.2012 16:02
662;492;2;13.07.2019 14:57
663;539;12;1.06.2012 10:20
664;603;37;1.09.2017 10:30
665;53;22;4.06.2016 09:14
666;319;4;13.12.2014 14:00
667;29;46;27.05.2017 09:31
668;23;31;4.10.2014 10:42
669;481;39;4.07.2015 13:49
670;272;34;22.08.2012 09:23
671;164;40;8.04.2019 09:14
672;575;44;25.01.2016 14:32
673;374;6;11.09.2016 11:14
674;400;15;21.10.2016 16:09
675;372;19;23.03.2015 15:42
676;684;37;12.04.2017 14:39
677;657;14;24.01.2013 11:06
678;260;1;20.07.2016 16:54
679;258;3;3.09.2012 13:23
680;501;29;18.04.2013 13:36
681;267;14;17.07.2013 12:36
682;573;21;16.11.2015 15:11
683;577;23;4.04.2017 11:47
684;457;14;25.01.2012 15:14
685;340;27;1.11.2013 16:40
686;583;36;4.06.2014 13:27
687;280;16;22.02.2016 11:28
688;285;15;6.11.2013 11:25
689;214;5;9.05.2012 09:11
690;408;6;6.08.2012 09:46
691;202;34;14.04.2018 12:22
692;201;31;6.05.2019 11:50
693;154;22;6.04.2012 15:48
694;43;42;13.12.2017 16:45
695;358;36;27.01.2015 12:24
696;742;48;13.01.2017 13:08
697;190;3;24.09.2018 09:28
698;115;13;3.03.2012 14:04
699;697;1;17.07.2014 10:26
700;578;39;2.01.2014 12:12
701;176;37;22.12.2018 14:58
702;25;28;9.09.2017 13:26
703;408;21;18.08.2014 12:53
704;476;39;17.05.2017 13:45
705;517;37;15.08.2016 10:34
706;404;31;18.10.2013 11:03
707;378;1;15.05.2019 10:44
708;566;16;14.11.2012 10:51
709;655;28;15.07.2018 16:45
710;308;13;18.09.2013 16:31
711;222;8;23.06.2014 13:52
712;441;49;24.01.2016 10:39
713;131;18;7.11.2012 12:58
714;665;8;5.11.2018 09:39
715;731;24;10.02.2015 14:04
716;646;5;5.12.2018 09:44
717;364;19;3.05.2012 14:22
718;716;33;2.04.2013 12:15
719;172;38;9.11.2019 15:36
720;196;45;27.12.2016 16:03
721;349;46;22.08.2018 14:52
722;412;15;12.04.2013 13:06
723;154;49;27.07.2013 15:05
724;34;45;18.05.2019 12:19
725;57;1;24.06.2013 10:37
726;458;26;11.07.2013 10:48
727;21;6;9.07.2017 09:34
728;83;20;21.06.2019 09:48
729;523;10;24.09.2017 12:00
730;242;40;21.12.2015 15:42
731;438;17;7.10.2017 15:52
732;264;11;9.05.2014 12:51
733;692;15;25.02.2013 10:01
734;187;11;11.04.2014 13:23
735;641;23;17.06.2015 09:34
736;220;16;9.08.2016 13:47
737;229;39;19.05.2014 16:37
738;283;13;26.11.2018 09:27
739;635;23;26.01.2016 16:48
740;572;36;12.03.2014 12:45
741;357;9;8.02.2017 13:31
742;175;50;18.01.2015 15:07
743;404;35;16.04.2015 16:43
744;295;20;13.08.2019 10:32
745;695;46;21.08.2019 16:39
746;447;38;19.09.2013 10:06
747;63;18;19.07.2012 16:38
748;64;26;3.05.2017 10:44
749;736;4;7.08.2012 10:18
750;2;49;16.05.2018 14:37
751;333;50;21.01.2014 14:06
752;588;19;20.08.2017 13:14
753;20;28;21.10.2013 12:44
754;153;35;3.03.2015 16:55
755;153;24;21.12.2012 15:50
756;332;48;14.11.2013 16:09
757;738;33;9.10.2012 13:11
758;745;46;10.12.2012 12:44
759;712;45;5.10.2012 12:30
760;534;9;9.06.2013 13:26
761;560;29;26.04.2019 11:14
762;39;50;3.07.2012 13:13
763;571;14;18.04.2017 13:59
764;85;29;16.03.2016 12:36
765;349;21;4.07.2014 14:30
766;692;39;3.06.2016 09:33
767;159;22;1.06.2015 14:53
768;223;37;19.08.2018 13:00
769;441;8;16.12.2016 15:45
770;229;26;6.03.2015 11:49
771;497;45;19.07.2013 11:54
772;142;16;1.10.2018 12:45
773;489;10;22.07.2017 12:06
774;621;47;24.03.2015 09:48
775;612;24;8.12.2019 16:56
776;599;30;19.01.2012 12:31
777;719;40;15.08.2014 12:10
778;59;36;5.01.2016 14:23
779;567;17;15.01.2014 16:51
780;444;45;5.09.2018 15:47
781;379;3;17.02.2016 15:56
782;177;14;16.07.2017 10:49
783;533;25;1.10.2015 14:30
784;113;7;2.05.2019 12:00
785;208;43;26.02.2017 16:53
786;318;14;12.07.2013 16:26
787;534;41;1.03.2015 11:41
788;469;29;4.02.2015 11:58
789;432;17;7.08.2019 15:24
790;18;44;26.02.2017 13:15
791;469;23;26.07.2013 12:33
792;115;41;16.04.2016 11:46
793;567;14;3.04.2019 15:37
794;8;39;24.12.2012 11:51
795;678;4;19.07.2014 14:09
796;116;15;17.03.2015 15:24
797;342;7;12.10.2016 12:21
798;88;30;27.09.2017 14:50
799;668;1;18.07.2017 15:09
800;281;42;24.02.2019 11:10
801;152;37;22.05.2013 14:43
802;99;24;4.04.2016 11:37
803;491;25;12.07.2017 13:18
804;251;25;9.07.2014 15:02
805;551;44;27.02.2018 13:20
806;527;12;10.06.2012 16:52
807;26;46;25.11.2013 16:44
808;213;49;20.08.2012 13:52
809;341;32;24.05.2015 12:43
810;721;28;3.11.2012 10:26
811;122;43;1.06.2019 09:49
812;559;47;27.06.2017 12:59
813;159;8;21.02.2013 16:21
814;259;44;21.07.2013 16:23
815;534;31;25.01.2014 16:03
816;63;29;6.04.2014 09:35
817;447;37;23.08.2018 15:44
818;198;25;15.02.2014 13:19
819;76;46;8.08.2019 14:02
820;120;11;20.12.2013 16:05
821;169;42;18.08.2015 12:31
822;145;6;9.11.2012 16:55
823;582;21;7.06.2018 13:49
824;198;48;3.12.2017 14:08
825;68;43;15.10.2019 11:31
826;453;28;5.07.2014 11:39
827;243;35;25.01.2012 11:56
828;739;35;18.05.2015 13:49
829;422;25;14.10.2019 11:18
830;687;6;24.10.2018 13:33
831;246;22;3.03.2013 15:40
832;542;47;17.07.2019 10:51
833;534;45;27.04.2015 12:56
834;122;2;17.12.2013 11:00
835;515;21;11.09.2015 16:28
836;689;47;21.01.2019 09:38
837;668;43;24.11.2017 09:04
838;603;25;19.12.2018 12:29
839;412;49;21.11.2012 09:33
840;683;41;4.05.2019 11:07
841;328;4;9.12.2017 14:46
842;540;48;17.07.2019 13:50
843;738;32;12.12.2014 13:38
844;15;44;10.01.2014 13:49
845;29;47;24.07.2017 12:19
846;565;35;3.09.2016 16:43
847;434;29;27.02.2018 16:43
848;720;9;8.10.2019 14:05
849;455;17;2.04.2012 11:26
850;477;50;4.06.2013 16:34
851;413;19;20.11.2018 14:01
852;61;38;6.07.2018 14:58
853;630;46;24.11.2019 13:39
854;192;16;20.10.2017 15:46
855;297;23;12.12.2018 15:23
856;609;28;27.10.2016 14:48
857;141;11;13.03.2012 09:19
858;240;21;14.04.2015 13:08
859;719;39;11.04.2018 15:50
860;349;48;27.09.2018 10:36
861;653;30;25.09.2014 10:54
862;62;5;8.01.2019 12:50
863;529;5;22.01.2015 09:17
864;488;42;4.05.2017 15:53
865;425;36;17.05.2019 15:06
866;198;44;10.09.2017 10:12
867;142;41;3.01.2015 12:36
868;223;14;17.02.2012 13:44
869;94;2;5.02.2012 09:37
870;387;40;21.08.2014 13:53
871;704;18;12.01.2017 09:36
872;379;49;23.11.2015 16:48
873;434;34;5.02.2016 16:43
874;552;33;23.09.2013 12:09
875;312;28;18.09.2019 12:56
876;53;11;11.10.2014 16:06
877;127;18;19.07.2013 10:39
878;244;25;7.06.2018 10:05
879;629;19;17.09.2019 09:49
880;460;17;27.09.2012 16:04
881;4;50;6.10.2014 15:29
882;180;38;20.05.2016 09:08
883;166;10;25.12.2013 13:22
884;361;1;12.05.2017 09:41
885;299;46;23.11.2019 11:30
886;479;12;27.10.2018 12:02
887;612;18;11.11.2018 14:59
888;332;47;25.10.2016 12:06
889;372;40;8.09.2018 15:09
890;593;2;1.07.2019 12:08
891;14;36;14.10.2019 16:33
892;600;14;10.03.2015 12:09
893;362;30;27.02.2012 12:27
894;656;25;27.06.2018 11:45
895;581;43;15.01.2018 09:56
896;703;41;5.01.2015 16:26
897;133;50;12.04.2017 12:23
898;198;29;5.09.2013 10:38
899;614;41;23.11.2014 10:14
900;45;22;4.08.2014 16:20
901;650;28;13.04.2017 13:25
902;143;31;24.10.2017 13:26
903;126;10;11.01.2013 09:49
904;709;14;12.08.2013 15:43
905;340;42;11.01.2016 11:42
906;228;19;18.09.2013 14:10
907;78;39;11.03.2014 16:57
908;55;46;17.09.2012 14:48
909;334;46;23.05.2018 12:29
910;90;34;11.12.2019 16:01
911;351;44;20.01.2014 14:41
912;705;28;6.06.2019 12:06
913;153;8;6.10.2018 11:47
914;686;7;10.01.2012 14:31
915;13;41;25.07.2016 14:17
916;646;13;21.12.2014 14:26
917;8;1;10.05.2015 16:51
918;728;17;23.09.2014 13:05
919;527;50;14.12.2013 11:26
920;601;24;27.03.2016 12:34
921;707;17;16.10.2017 16:29
922;595;28;1.04.2017 13:46
923;43;36;4.05.2019 10:51
924;457;30;27.07.2015 14:01
925;294;34;6.12.2016 11:34
926;473;22;18.10.2015 16:42
927;468;50;4.10.2014 10:24
928;3;38;1.08.2015 10:41
929;235;5;22.05.2019 12:37
930;365;27;7.02.2012 12:14
931;550;25;7.07.2014 15:10
932;20;18;8.09.2018 16:58
933;544;47;9.03.2014 14:55
934;65;44;18.05.2017 16:02
935;274;17;15.04.2014 15:09
936;655;8;5.07.2013 15:48
937;614;47;13.11.2013 14:55
938;26;3;18.07.2014 13:08
939;552;33;27.04.2015 12:19
940;240;13;11.06.2018 13:56
941;362;39;21.12.2012 13:57
942;483;18;4.04.2016 16:02
943;278;46;17.12.2014 15:19
944;314;14;20.02.2014 14:14
945;557;21;20.08.2013 16:50
946;665;44;26.04.2019 15:28
947;269;12;27.12.2013 11:50
948;583;18;8.02.2019 12:16
949;289;15;14.09.2019 13:37
950;461;15;23.02.2015 15:13
951;349;22;12.08.2012 12:10
952;614;48;21.11.2017 13:13
953;443;2;10.12.2012 11:15
954;184;39;10.03.2018 15:01
955;586;29;9.11.2019 12:34
956;202;42;23.01.2018 13:22
957;497;6;26.09.2016 15:55
958;233;10;1.11.2013 12:45
959;684;3;2.10.2016 12:11
960;511;1;14.04.2015 12:41
961;126;8;26.11.2013 12:41
962;659;47;6.10.2013 14:56
963;235;47;16.05.2015 14:44
964;236;13;15.08.2017 15:38
965;600;48;8.08.2015 11:10
966;17;5;10.11.2016 15:31
967;524;10;10.12.2019 14:14
968;431;47;2.12.2017 16:51
969;600;15;4.02.2015 11:50
970;30;29;19.03.2018 13:37
971;339;42;15.03.2016 15:40
972;604;50;23.01.2014 15:19
973;418;26;26.02.2016 11:39
974;493;15;17.02.2015 13:34
975;720;6;18.09.2015 11:58
976;392;46;4.07.2016 13:47
977;266;31;11.04.2019 11:23
978;81;42;2.08.2019 13:47
979;660;45;5.03.2018 15:17
980;542;49;16.10.2016 11:17
981;179;25;3.03.2014 11:10
982;55;31;25.09.2013 12:43
983;288;35;25.01.2012 09:36
984;13;21;25.05.2019 16:33
985;336;27;11.08.2017 13:07
986;557;2;21.04.2015 09:55
987;483;45;19.11.2015 09:36
988;74;36;10.01.2019 12:33
989;542;6;18.08.2018 12:06
990;670;16;9.06.2016 14:18
991;31;44;27.08.2017 13:36
992;420;21;14.02.2018 15:16
993;226;46;26.12.2015 12:36
994;215;38;5.03.2019 09:13
995;383;13;24.01.2013 09:56
996;156;17;12.04.2017 12:51
997;370;34;4.03.2016 12:12
998;99;2;23.07.2015 09:58
999;680;43;8.02.2012 11:37
1000;381;29;12.07.2015 15:28
1001;576;7;3.03.2018 12:18
1002;562;49;24.05.2013 16:04
1003;369;4;22.11.2017 13:46
1004;742;7;3.10.2019 14:19
1005;497;15;17.06.2019 13:55
1006;581;50;5.06.2019 13:16
1007;340;44;21.12.2012 14:12
1008;237;4;27.02.2012 16:19
1009;274;35;16.10.2018 13:51
1010;200;23;25.06.2016 11:44
1011;547;38;26.12.2013 09:46
1012;493;17;5.03.2012 12:08
1013;362;12;5.03.2013 11:48
1014;440;35;12.01.2014 13:00
1015;405;5;15.08.2012 09:57
1016;506;5;1.05.2012 10:51
1017;449;46;3.11.2013 16:41
1018;324;13;1.11.2014 14:55
1019;681;4;3.08.2012 09:03
1020;219;48;24.11.2017 16:43
1021;408;4;10.04.2015 14:51
1022;733;29;12.11.2018 14:41
1023;432;40;23.08.2012 12:03
1024;394;18;25.11.2017 16:48
1025;167;41;9.03.2018 12:04
1026;484;48;18.10.2013 16:39
1027;325;21;12.03.2018 09:26
1028;566;3;3.11.2014 14:23
1029;383;25;26.04.2013 11:12
1030;479;1;17.04.2015 11:48
1031;576;47;27.07.2012 11:42
1032;581;44;7.04.2017 10:43
1033;254;29;24.07.2014 12:45
1034;728;18;19.01.2014 16:52
1035;719;29;26.10.2017 15:15
1036;74;11;1.01.2014 12:49
1037;73;46;8.07.2014 13:14
1038;346;34;25.01.2017 11:40
1039;483;28;25.04.2019 13:40
1040;685;10;4.12.2015 13:44
1041;573;44;11.06.2018 14:04
1042;629;16;18.11.2014 12:56
1043;643;9;21.03.2013 10:53
1044;403;12;8.03.2013 11:29
1045;71;46;22.06.2013 14:17
1046;93;49;10.08.2018 10:14
1047;218;43;14.09.2014 13:11
1048;449;30;7.07.2018 09:19
1049;102;29;12.03.2014 11:33
1050;147;49;15.04.2019 12:28
1051;434;6;24.04.2013 16:49
1052;604;4;21.04.2016 11:50
1053;387;16;22.03.2015 15:58
1054;583;41;26.03.2013 12:10
1055;576;23;13.02.2013 11:23
1056;163;35;14.01.2019 10:27
1057;653;47;1.04.2019 11:59
1058;246;8;21.04.2015 13:15
1059;216;25;11.07.2013 16:18
1060;527;48;25.11.2012 16:21
1061;695;50;11.03.2018 14:49
1062;60;42;6.08.2013 16:15
1063;122;34;8.09.2017 13:46
1064;181;20;24.03.2012 10:05
1065;326;33;21.12.2017 15:58
1066;715;44;11.03.2012 13:59
1067;43;27;13.02.2014 13:17
1068;617;6;8.02.2012 12:09
1069;217;29;8.11.2012 13:06
1070;726;11;4.09.2016 15:18
1071;137;15;27.03.2012 16:58
1072;674;40;12.07.2014 13:40
1073;589;18;25.11.2013 13:20
1074;69;19;7.09.2016 13:09
1075;460;4;1.04.2018 10:58
1076;286;11;18.08.2012 13:16
1077;92;36;5.10.2017 14:12
1078;246;39;4.05.2018 16:03
1079;645;23;21.09.2012 14:07
1080;4;33;14.07.2018 14:05
1081;521;22;22.06.2019 16:14
1082;750;14;14.11.2017 12:56
1083;263;41;18.09.2015 11:08
1084;402;23;3.06.2016 16:43
1085;34;15;24.04.2016 12:03
1086;350;14;25.08.2016 15:57
1087;63;40;26.09.2014 14:42
1088;475;44;15.01.2018 13:39
1089;406;4;24.07.2017 15:55
1090;639;42;14.11.2014 12:01
1091;334;23;13.05.2016 13:32
1092;425;38;23.02.2012 10:13
1093;133;12;8.12.2018 13:33
1094;418;33;5.02.2012 16:57
1095;8;49;21.01.2019 12:39
1096;221;22;21.11.2015 10:32
1097;612;15;19.04.2013 09:17
1098;593;38;4.11.2018 15:16
1099;333;28;10.01.2014 11:30
1100;415;5;13.05.2019 15:44
1101;334;6;16.01.2015 10:12
1102;653;15;3.03.2018 11:50
1103;486;13;17.08.2015 09:25
1104;374;22;25.04.2017 15:21
1105;154;33;4.03.2018 10:13
1106;22;47;9.10.2019 10:32
1107;507;41;11.07.2014 16:41
1108;411;21;26.04.2013 16:44
1109;161;29;5.04.2016 09:48
1110;33;23;27.11.2015 10:49
1111;560;24;22.02.2012 12:45
1112;741;17;26.05.2018 13:45
1113;338;41;10.02.2019 16:26
1114;715;39;6.08.2015 10:58
1115;146;37;5.01.2017 16:26
1116;147;27;5.10.2014 16:35
1117;720;21;13.02.2013 12:07
1118;676;8;13.11.2018 09:34
1119;115;11;22.07.2018 11:39
1120;394;39;19.04.2016 11:46
1121;322;33;20.12.2014 13:45
1122;437;17;6.05.2014 10:29
1123;232;19;1.05.2014 10:08
1124;465;10;24.11.2015 12:15
1125;3;19;19.12.2016 16:26
1126;454;8;19.10.2017 13:12
1127;555;13;19.07.2017 09:22
1128;111;3;17.10.2014 09:33
1129;320;25;20.05.2016 09:26
1130;15;16;15.09.2019 11:06
1131;216;18;11.05.2012 11:12
1132;555;38;16.07.2016 15:56
1133;318;46;3.04.2012 12:48
1134;489;6;2.07.2013 15:48
1135;448;11;2.03.2013 13:55
1136;705;30;15.08.2015 14:37
1137;35;23;1.01.2014 16:16
1138;683;32;7.08.2017 13:09
1139;533;14;3.04.2019 10:26
1140;36;30;26.02.2014 13:27
1141;464;17;4.12.2018 11:23
1142;240;13;6.04.2019 10:06
1143;237;24;27.09.2013 10:22
1144;434;2;16.04.2014 13:59
1145;45;20;3.01.2014 15:36
1146;631;34;13.03.2018 14:30
1147;667;6;8.02.2014 14:57
1148;286;23;21.04.2018 15:36
1149;73;11;22.11.2015 09:12
1150;365;5;17.04.2018 09:29
1151;216;18;8.03.2013 11:42
1152;2;40;3.04.2019 14:59
1153;112;41;3.03.2013 16:58
1154;421;43;11.08.2012 15:20
1155;28;7;13.07.2012 12:26
1156;629;19;1.09.2018 16:38
1157;385;49;21.01.2015 15:30
1158;102;23;16.07.2018 11:34
1159;709;30;1.04.2016 16:31
1160;49;7;2.07.2017 15:08
1161;36;47;6.12.2014 12:49
1162;371;1;8.09.2013 10:07
1163;200;49;10.08.2013 13:33
1164;5;7;4.06.2017 11:50
1165;252;39;1.06.2017 10:54
1166;747;36;7.06.2018 14:00
1167;739;49;14.04.2012 10:51
1168;375;46;4.09.2013 11:11
1169;299;27;24.05.2015 13:42
1170;193;19;16.01.2014 10:56
1171;96;39;8.07.2012 14:21
1172;528;7;4.05.2016 14:48
1173;534;25;1.10.2012 09:12
1174;703;19;24.11.2018 15:04
1175;462;12;5.03.2017 09:32
1176;209;14;14.02.2017 15:31
1177;188;18;16.01.2019 09:04
1178;44;43;20.12.2016 09:55
1179;675;46;21.06.2012 15:15
1180;425;17;6.08.2019 13:55
1181;540;11;17.01.2012 11:47
1182;140;37;2.03.2019 15:58
1183;18;16;24.05.2017 09:26
1184;697;47;6.02.2015 11:41
1185;203;12;20.08.2014 10:32
1186;550;17;6.02.2012 09:44
1187;617;37;8.11.2013 11:46
1188;276;13;25.06.2019 09:16
1189;133;48;4.08.2015 16:20
1190;68;6;14.03.2014 14:25
1191;147;35;25.10.2013 11:59
1192;57;10;3.02.2016 09:33
1193;530;23;11.02.2014 11:50
1194;381;11;17.11.2016 14:26
1195;32;29;23.04.2019 13:35
1196;376;34;12.03.2012 12:23
1197;405;12;22.02.2016 16:22
1198;374;41;18.10.2018 15:58
1199;207;8;20.02.2015 12:45
1200;740;46;14.08.2019 09:02
1201;56;46;10.07.2016 11:53
1202;688;21;16.11.2013 14:30
1203;593;6;14.04.2015 10:54
1204;347;7;25.03.2013 14:55
1205;265;20;3.10.2016 14:18
1206;216;49;27.12.2015 16:29
1207;115;32;19.06.2018 10:16
1208;702;47;16.10.2014 15:09
1209;617;11;11.07.2014 12:22
1210;463;35;24.03.2016 11:31
1211;724;45;9.07.2013 13:42
1212;35;7;3.10.2017 13:41
1213;78;1;14.10.2016 09:08
1214;436;4;27.05.2017 13:29
1215;37;25;14.08.2019 11:01
1216;303;32;23.11.2012 11:18
1217;149;24;12.07.2018 14:40
1218;56;28;24.01.2018 09:46
1219;369;5;17.01.2018 11:16
1220;182;9;27.08.2019 14:12
1221;226;17;1.05.2012 11:11
1222;636;7;7.09.2019 16:31
1223;123;40;4.06.2017 15:48
1224;593;32;9.07.2018 11:04
1225;598;31;6.05.2012 13:57
1226;197;25;10.03.2012 14:51
1227;240;36;18.11.2015 12:52
1228;56;6;12.02.2017 11:49
1229;433;11;24.11.2017 10:24
1230;452;41;13.12.2012 15:30
1231;600;10;16.07.2013 11:24
1232;592;10;18.06.2016 10:16
1233;406;36;2.11.2018 11:26
1234;701;22;22.12.2017 16:09
1235;672;33;2.03.2016 10:17
1236;106;12;5.02.2018 10:04
1237;488;14;10.04.2019 16:15
1238;465;9;10.10.2016 16:51
1239;134;31;21.11.2017 10:46
1240;651;8;6.08.2015 11:17
1241;394;50;8.08.2014 11:54
1242;550;4;4.08.2018 10:25
1243;33;25;18.03.2013 11:00
1244;346;39;15.06.2018 14:32
1245;707;13;7.05.2012 15:27
1246;203;10;27.08.2015 11:34
1247;161;32;12.02.2013 09:34
1248;348;41;20.09.2017 12:40
1249;216;31;7.08.2013 10:15
1250;132;10;7.03.2018 10:02
1251;21;7;5.02.2015 12:36
1252;54;24;19.09.2012 13:18
1253;726;29;17.12.2013 16:57
1254;566;48;1.04.2018 09:02
1255;421;42;6.09.2019 14:19
1256;41;32;26.02.2016 16:49
1257;277;48;9.11.2018 12:30
1258;209;25;12.01.2014 11:57
1259;542;48;22.11.2019 11:50
1260;430;39;18.03.2015 15:45
1261;533;14;18.11.2016 15:12
1262;11;40;18.12.2017 13:24
1263;252;22;13.06.2016 16:18
1264;621;17;24.01.2016 10:11
1265;651;13;4.01.2013 15:22
1266;109;13;11.10.2013 14:26
1267;424;4;14.08.2015 09:18
1268;111;39;1.04.2016 10:07
1269;495;2;22.05.2019 10:22
1270;547;1;26.11.2017 09:43
1271;209;13;2.10.2018 10:03
1272;600;14;13.12.2013 13:51
1273;487;1;12.02.2014 16:00
1274;177;27;3.03.2019 13:20
1275;278;45;3.08.2018 15:55
1276;649;50;2.12.2017 09:41
1277;710;29;21.09.2016 09:20
1278;356;21;6.01.2013 10:41
1279;86;47;4.02.2019 12:01
1280;592;48;24.02.2017 11:33
1281;196;20;13.07.2014 16:43
1282;353;36;21.10.2017 13:32
1283;736;37;20.04.2016 09:06
1284;218;32;3.12.2015 15:22
1285;160;22;26.09.2012 13:33
1286;400;25;23.10.2012 15:47
1287;549;15;13.05.2017 14:44
1288;665;49;25.10.2013 10:44
1289;275;4;23.06.2013 11:52
1290;36;47;12.09.2016 10:26
1291;689;19;10.10.2014 14:47
1292;413;8;17.10.2013 15:24
1293;338;25;6.05.2018 14:43
1294;215;30;15.06.2012 12:20
1295;91;2;1.03.2013 10:54
1296;407;47;7.10.2012 13:05
1297;629;3;13.09.2018 14:59
1298;488;8;9.11.2012 10:57
1299;545;37;5.07.2012 13:13
1300;619;35;27.04.2014 14:11
1301;472;19;3.03.2013 09:58
1302;510;27;11.10.2018 12:26
1303;588;35;7.12.2018 14:37
1304;297;47;2.02.2019 15:23
1305;66;10;27.07.2018 15:00
1306;28;12;1.04.2015 16:54
1307;695;48;18.12.2017 15:09
1308;98;22;19.12.2013 14:37
1309;584;38;24.12.2017 13:19
1310;374;15;13.08.2012 11:22
1311;380;39;27.12.2016 10:01
1312;351;5;9.08.2015 13:59
1313;594;16;7.07.2014 11:34
1314;57;18;16.04.2016 15:09
1315;96;41;24.04.2019 14:46
1316;26;20;14.12.2016 13:44
1317;238;43;15.09.2018 09:22
1318;350;6;5.06.2019 15:19
1319;351;12;16.07.2017 09:52
1320;711;17;23.05.2018 16:13
1321;691;14;1.12.2015 10:21
1322;282;26;27.03.2013 09:21
1323;63;2;2.06.2016 16:17
1324;457;11;16.07.2018 10:52
1325;368;22;8.04.2014 10:19
1326;619;33;18.07.2012 14:58
1327;233;2;6.09.2018 13:04
1328;724;31;7.06.2019 09:36
1329;278;39;14.07.2012 14:35
1330;607;36;18.01.2016 12:38
1331;570;18;15.04.2016 14:02
1332;342;32;20.01.2019 15:02
1333;259;45;11.03.2015 15:41
1334;597;33;20.10.2017 14:58
1335;317;14;26.03.2019 11:21
1336;148;3;27.05.2015 09:21
1337;162;35;9.01.2012 11:10
1338;237;41;23.07.2013 16:34
1339;729;22;23.09.2013 10:36
1340;8;32;19.10.2016 14:02
1341;37;26;13.01.2017 11:29
1342;149;28;12.01.2018 15:13
1343;623;4;15.08.2018 10:28
1344;265;34;2.12.2015 09:04
1345;687;21;10.10.2017 10:06
1346;405;9;12.03.2014 13:23
1347;208;9;3.10.2013 15:52
1348;151;25;21.03.2013 14:19
1349;342;11;25.10.2014 11:38
1350;511;33;24.04.2019 10:28
1351;543;19;25.11.2018 14:29
1352;55;8;20.02.2018 09:12
1353;1;46;16.03.2015 16:00
1354;32;6;20.03.2018 13:49
1355;683;14;22.01.2014 15:18
1356;1;16;22.10.2016 15:10
1357;536;18;22.02.2019 15:25
1358;268;13;9.05.2018 13:22
1359;739;17;4.06.2019 13:19
1360;134;3;12.07.2018 11:30
1361;27;12;1.03.2017 13:20
1362;579;39;16.02.2013 09:46
1363;238;7;10.07.2012 15:13
1364;283;39;12.09.2012 10:23
1365;543;44;21.01.2014 09:57
1366;10;15;12.09.2017 13:45
1367;148;16;15.08.2012 11:15
1368;513;40;6.03.2019 11:33
1369;663;10;21.01.2016 12:37
1370;557;29;8.04.2014 15:23
1371;688;31;13.01.2016 11:22
1372;453;2;11.11.2018 15:21
1373;642;34;17.11.2015 13:48
1374;743;6;13.05.2014 15:45
1375;164;1;27.09.2019 13:25
1376;438;38;16.11.2014 13:03
1377;73;31;7.11.2014 15:56
1378;680;11;8.01.2019 14:47
1379;652;38;15.02.2016 15:44
1380;295;43;24.03.2016 12:13
1381;480;2;20.09.2015 09:00
1382;651;16;19.03.2013 10:20
1383;325;7;3.02.2015 09:00
1384;555;32;16.05.2018 10:45
1385;263;12;21.12.2017 16:25
1386;506;32;12.01.2012 10:40
1387;405;43;1.01.2015 09:24
1388;421;13;2.11.2014 12:31
1389;237;45;18.10.2019 10:53
1390;296;12;26.09.2018 11:20
1391;556;35;15.09.2019 11:57
1392;153;41;5.10.2017 09:38
1393;401;20;5.04.2018 15:23
1394;670;32;24.08.2019 10:03
1395;31;40;25.04.2013 11:50
1396;648;3;6.06.2018 12:58
1397;566;24;25.09.2014 10:04
1398;1;19;27.10.2015 10:33
1399;687;16;13.04.2012 12:04
1400;604;30;17.03.2019 10:44
1401;60;39;14.08.2012 14:43
1402;540;16;13.11.2012 09:27
1403;433;33;24.06.2014 12:22
1404;624;48;3.09.2014 09:15
1405;584;2;25.08.2018 15:49
1406;324;4;17.02.2019 13:28
1407;368;6;13.01.2015 16:24
1408;48;41;7.11.2012 09:19
1409;164;14;11.02.2013 15:25
1410;188;9;11.08.2013 16:25
1411;377;12;9.04.2019 15:42
1412;729;29;4.06.2018 16:05
1413;535;15;14.10.2014 11:11
1414;67;43;20.01.2016 12:13
1415;121;14;22.02.2019 09:14
1416;541;32;1.02.2012 16:04
1417;719;18;24.08.2012 16:28
1418;162;4;11.01.2014 10:13
1419;469;25;11.08.2013 09:33
1420;578;5;9.06.2014 15:33
1421;105;16;1.07.2018 13:27
1422;627;11;17.07.2018 12:32
1423;728;35;19.06.2019 16:09
1424;575;31;22.08.2015 10:47
1425;218;25;1.12.2019 15:57
1426;634;38;1.05.2014 15:10
1427;280;27;12.03.2014 09:33
1428;538;46;2.06.2017 12:15
1429;17;30;16.07.2018 15:09
1430;474;31;26.01.2017 15:44
1431;190;46;23.01.2016 10:30
1432;291;7;24.01.2016 10:48
1433;203;46;2.04.2012 09:31
1434;599;21;1.04.2019 15:09
1435;644;18;14.02.2013 09:55
1436;417;28;10.01.2013 09:46
1437;611;30;8.07.2012 15:44
1438;81;43;27.09.2013 10:17
1439;113;17;4.11.2018 15:25
1440;431;48;23.09.2016 14:38
1441;398;27;20.03.2018 09:43
1442;548;32;1.02.2012 13:21
1443;705;26;11.08.2017 10:10
1444;353;42;19.03.2018 10:07
1445;315;7;13.05.2016 15:33
1446;635;22;27.05.2017 15:17
1447;737;23;24.04.2014 11:01
1448;585;43;15.09.2014 13:21
1449;137;20;5.05.2012 15:25
1450;482;24;5.03.2016 16:07
1451;250;16;16.09.2013 13:36
1452;120;22;11.08.2016 13:17
1453;167;19;25.11.2013 15:43
1454;273;27;21.04.2014 16:02
1455;133;43;11.09.2013 10:07
1456;46;5;26.07.2016 14:27
1457;240;43;6.02.2017 15:52
1458;425;5;6.11.2015 12:15
1459;113;50;10.04.2014 10:54
1460;509;30;4.04.2013 10:42
1461;536;47;22.04.2016 10:35
1462;383;41;7.01.2015 11:32
1463;425;43;8.04.2017 10:38
1464;500;20;19.05.2014 14:02
1465;348;27;22.03.2015 12:25
1466;60;44;3.02.2018 09:17
1467;6;16;19.12.2016 15:07
1468;343;47;7.07.2018 15:31
1469;382;10;19.11.2014 11:41
1470;517;45;16.02.2015 16:32
1471;649;43;11.03.2018 13:31
1472;451;33;22.02.2014 11:26
1473;573;13;12.02.2019 15:28
1474;353;50;12.09.2015 15:20
1475;335;20;27.10.2012 16:56
1476;582;48;9.05.2014 14:11
1477;557;2;6.10.2013 10:56
1478;151;31;2.10.2013 11:38
1479;55;37;15.09.2015 15:46
1480;380;43;19.06.2015 09:12
1481;25;16;4.09.2012 12:20
1482;186;3;21.03.2015 13:20
1483;652;34;13.07.2017 11:36
1484;284;5;2.11.2015 12:12
1485;330;22;10.01.2018 13:29
1486;387;10;11.06.2017 13:38
1487;97;20;19.01.2016 13:26
1488;204;49;13.05.2015 12:44
1489;227;47;14.02.2013 16:22
1490;190;38;12.04.2016 09:46
1491;55;17;7.08.2018 14:21
1492;10;39;24.11.2016 09:38
1493;65;49;10.02.2016 15:56
1494;288;35;9.08.2015 10:07
1495;152;43;3.01.2017 11:12
1496;259;28;17.11.2019 09:38
1497;111;45;18.11.2019 10:01
1498;699;14;8.11.2017 15:50
1499;11;41;26.03.2019 12:16
1500;422;7;23.07.2016 16:07
1501;224;45;3.02.2015 15:28
1502;344;50;13.10.2017 16:09
1503;432;20;16.01.2017 12:24
1504;28;2;3.08.2016 12:05
1505;717;42;9.11.2018 16:34
1506;25;26;10.07.2013 15:48
1507;382;28;24.10.2018 11:28
1508;268;24;27.02.2019 14:36
1509;421;39;19.06.2018 12:06
1510;45;26;3.10.2012 12:38
1511;135;44;17.11.2018 10:13
1512;450;36;21.08.2012 14:58
1513;667;4;6.10.2017 15:33
1514;131;49;21.09.2017 09:43
1515;272;3;4.08.2019 13:43
1516;188;22;25.04.2019 15:04
1517;546;21;20.04.2017 12:50
1518;112;42;19.02.2012 10:24
1519;484;28;10.08.2016 13:08
1520;177;47;10.12.2016 14:12
1521;78;22;12.12.2019 09:25
1522;624;14;16.10.2012 14:08
1523;578;12;26.05.2018 12:46
1524;693;46;7.09.2018 13:25
1525;745;5;1.02.2016 16:59
1526;197;45;18.01.2018 15:47
1527;495;45;17.05.2013 11:53
1528;356;5;14.03.2019 16:00
1529;310;44;5.09.2014 09:55
1530;206;35;17.06.2017 09:06
1531;464;49;21.05.2015 10:52
1532;189;49;4.01.2018 10:04
1533;471;33;27.11.2019 12:17
1534;546;50;11.03.2012 13:36
1535;596;43;18.04.2013 09:47
1536;712;33;18.12.2018 16:05
1537;71;22;24.06.2017 10:30
1538;94;12;24.02.2019 10:54
1539;186;42;20.08.2014 16:46
1540;424;49;3.04.2018 10:16
1541;489;19;25.07.2012 10:42
1542;621;33;24.12.2013 15:35
1543;419;11;3.11.2018 12:15
1544;656;28;27.05.2019 09:45
1545;679;24;19.01.2012 09:32
1546;1;27;9.05.2015 12:04
1547;738;13;20.02.2019 11:07
1548;491;5;2.03.2017 12:10
1549;298;35;19.06.2013 12:08
1550;726;47;12.04.2016 14:07
1551;698;16;4.05.2012 12:28
1552;187;33;20.01.2018 12:09
1553;186;12;2.12.2015 10:50
1554;417;27;7.06.2018 14:27
1555;105;37;2.04.2015 10:57
1556;458;6;20.04.2018 11:58
1557;716;14;23.08.2016 09:47
1558;621;3;2.12.2017 13:54
1559;274;49;11.02.2019 15:59
1560;79;41;26.08.2017 13:52
1561;271;27;24.10.2017 15:39
1562;527;44;26.07.2015 12:40
1563;183;22;18.08.2015 10:29
1564;589;9;10.05.2018 10:03
1565;674;31;16.09.2018 10:33
1566;269;5;22.06.2014 16:49
1567;583;32;18.02.2017 12:08
1568;563;30;14.03.2018 12:00
1569;444;41;6.07.2015 10:21
1570;670;1;7.11.2017 14:02
1571;612;46;11.04.2016 16:22
1572;294;9;13.09.2012 15:58
1573;24;16;22.10.2018 10:35
1574;261;45;15.08.2018 12:46
1575;27;38;4.01.2015 12:26
1576;682;3;17.04.2015 16:10
1577;9;11;6.03.2014 13:56
1578;563;5;19.07.2016 14:42
1579;312;14;13.07.2018 11:06
1580;435;10;12.12.2017 15:59
1581;617;14;26.01.2015 14:48
1582;306;27;26.08.2019 16:01
1583;135;32;13.12.2016 09:06
1584;196;43;8.05.2012 09:53
1585;293;15;6.02.2019 15:46
1586;656;36;6.01.2013 10:56
1587;49;24;25.05.2018 13:34
1588;600;1;9.02.2013 10:37
1589;723;26;20.04.2012 13:42
1590;726;37;12.08.2016 09:34
1591;719;12;20.01.2013 15:55
1592;522;32;4.08.2018 11:54
1593;78;26;20.04.2012 14:37
1594;671;5;20.10.2016 13:15
1595;490;38;6.10.2017 13:37
1596;224;21;12.07.2015 13:01
1597;746;41;25.06.2013 13:02
1598;318;29;27.11.2013 12:24
1599;3;18;6.02.2019 15:42
1600;159;23;5.07.2016 10:57
1601;568;24;8.10.2013 12:25
1602;28;29;21.07.2013 16:44
1603;441;26;7.02.2014 09:20
1604;443;3;20.04.2018 15:26
1605;464;9;17.11.2016 11:51
1606;721;38;4.05.2012 11:20
1607;53;50;21.06.2018 12:15
1608;694;37;9.09.2014 14:29
1609;641;3;18.10.2018 13:11
1610;525;6;22.11.2018 09:47
1611;197;20;20.01.2014 15:06
1612;453;6;18.11.2016 10:49
1613;161;31;6.11.2015 12:42
1614;307;24;5.03.2012 15:01
1615;731;12;4.01.2018 11:57
1616;464;17;9.10.2015 16:55
1617;631;41;23.02.2016 14:59
1618;420;13;13.05.2015 15:51
1619;178;27;17.12.2016 12:45
1620;517;50;20.06.2013 11:02
1621;508;22;10.02.2012 15:11
1622;577;21;18.11.2015 10:12
1623;358;48;13.07.2012 09:53
1624;437;45;18.10.2014 16:50
1625;221;41;1.05.2016 11:24
1626;196;12;3.07.2012 10:05
1627;620;7;9.05.2016 10:58
1628;563;11;14.07.2017 15:32
1629;561;25;18.01.2016 09:13
1630;322;2;15.06.2013 11:17
1631;432;5;6.08.2015 15:31
1632;246;18;21.09.2012 15:39
1633;591;32;9.07.2013 11:39
1634;167;25;22.08.2014 16:49
1635;735;16;14.06.2018 10:41
1636;465;30;9.12.2015 13:28
1637;166;45;1.06.2017 09:45
1638;640;1;2.01.2014 16:51
1639;75;7;25.04.2013 10:02
1640;238;43;13.04.2016 13:50
1641;734;29;18.04.2016 13:36
1642;119;6;17.09.2017 14:30
1643;569;1;1.10.2013 15:25
1644;7;39;10.12.2016 10:49
1645;731;40;15.11.2017 12:34
1646;33;16;22.07.2015 12:03
1647;618;33;10.07.2016 14:31
1648;639;40;22.09.2013 11:26
1649;32;7;13.04.2015 16:22
1650;89;49;4.04.2016 09:12
1651;553;22;18.09.2019 11:30
1652;658;2;27.11.2014 09:16
1653;615;23;16.11.2018 16:49
1654;392;29;2.08.2014 12:17
1655;174;20;4.02.2016 14:38
1656;30;5;21.02.2017 13:00
1657;448;40;20.03.2014 10:06
1658;225;36;9.06.2012 13:21
1659;365;31;22.11.2014 14:10
1660;734;48;17.09.2017 12:29
1661;710;39;21.01.2013 14:30
1662;415;8;4.12.2018 16:04
1663;216;14;7.07.2018 11:54
1664;292;47;8.02.2015 14:28
1665;233;49;21.05.2014 09:16
1666;507;2;15.04.2016 14:27
1667;117;2;26.04.2019 15:39
1668;171;48;3.03.2017 13:24
1669;272;38;25.11.2012 11:52
1670;580;4;1.11.2019 09:33
1671;497;48;25.08.2014 09:52
1672;444;24;26.01.2019 15:37
1673;82;11;8.03.2012 09:47
1674;565;36;3.01.2013 15:26
1675;1;43;19.12.2012 09:53
1676;406;20;17.07.2013 09:08
1677;120;21;14.08.2014 13:52
1678;272;7;25.05.2018 12:11
1679;162;23;24.08.2017 14:07
1680;361;48;20.11.2018 14:36
1681;512;40;15.12.2012 10:44
1682;634;4;6.12.2016 15:48
1683;31;14;10.08.2018 14:09
1684;63;37;12.03.2014 16:53
1685;584;47;20.05.2014 13:38
1686;541;31;11.02.2013 16:07
1687;609;5;9.11.2012 13:04
1688;211;2;12.08.2019 13:24
1689;561;21;15.03.2016 11:30
1690;90;25;25.07.2018 09:58
1691;432;40;5.02.2013 15:19
1692;480;50;15.02.2016 16:09
1693;294;49;26.04.2013 12:49
1694;355;45;3.11.2014 12:49
1695;111;31;21.01.2016 12:15
1696;377;16;1.04.2014 14:26
1697;232;3;15.02.2016 14:10
1698;87;22;5.01.2019 12:59
1699;545;14;12.04.2015 13:03
1700;649;22;10.07.2017 12:53
1701;40;15;8.07.2018 15:02
1702;678;31;8.07.2014 14:56
1703;651;39;8.10.2019 16:39
1704;16;20;22.03.2013 11:14
1705;610;23;21.12.2016 16:52
1706;719;26;10.11.2015 16:17
1707;143;46;8.09.2017 14:04
1708;134;31;13.12.2019 10:40
1709;100;32;24.12.2017 15:32
1710;502;47;21.01.2013 09:45
1711;424;43;5.11.2016 12:09
1712;20;32;23.02.2019 15:55
1713;391;24;24.06.2013 10:55
1714;574;1;9.11.2018 15:09
1715;324;27;23.01.2017 15:46
1716;677;16;3.04.2013 12:48
1717;710;47;1.09.2018 15:28
1718;444;45;18.03.2014 14:00
1719;548;27;20.10.2014 15:48
1720;696;36;10.12.2012 14:14
1721;370;42;6.06.2018 11:44
1722;27;10;27.06.2013 16:38
1723;281;6;7.08.2015 14:11
1724;247;26;20.04.2014 15:10
1725;273;18;26.05.2012 14:54
1726;6;17;2.12.2019 12:16
1727;290;13;12.09.2016 14:41
1728;451;10;13.12.2012 11:15
1729;194;50;11.09.2015 09:35
1730;216;36;27.05.2019 13:09
1731;438;36;7.02.2016 16:37
1732;161;25;21.02.2015 11:01
1733;12;17;3.08.2015 16:14
1734;252;46;27.04.2014 09:18
1735;649;35;4.11.2014 10:20
1736;742;9;24.08.2019 16:29
1737;278;33;16.04.2018 16:15
1738;564;16;2.10.2018 10:14
1739;382;14;10.07.2013 16:32
1740;718;18;5.03.2015 15:14
1741;688;9;13.06.2019 13:30
1742;92;14;27.07.2012 16:33
1743;157;3;5.04.2014 16:28
1744;488;32;11.11.2013 10:37
1745;730;3;17.05.2013 11:37
1746;525;25;5.07.2014 11:36
1747;131;12;4.08.2018 11:37
1748;696;36;1.08.2014 14:17
1749;241;10;6.07.2012 16:53
1750;25;37;12.02.2012 12:34
1751;139;21;8.08.2013 12:22
1752;405;29;16.05.2013 09:18
1753;92;39;1.06.2013 11:08
1754;732;47;18.11.2019 10:44
1755;590;39;6.03.2018 12:52
1756;700;28;15.04.2015 11:37
1757;380;12;3.07.2014 16:17
1758;401;42;9.03.2015 16:13
1759;248;36;24.11.2013 15:10
1760;632;35;11.07.2016 15:17
1761;346;31;9.06.2015 10:17
1762;726;36;8.06.2016 13:05
1763;144;46;18.10.2012 12:21
1764;494;37;18.07.2012 09:19
1765;697;50;14.11.2014 13:23
1766;448;29;3.12.2016 15:21
1767;633;10;10.09.2019 15:27
1768;40;7;2.11.2019 10:10
1769;322;3;4.05.2013 16:16
1770;670;47;27.04.2018 16:24
1771;42;19;13.12.2012 12:23
1772;21;5;19.12.2013 09:51
1773;235;11;1.05.2019 12:27
1774;503;26;22.12.2013 12:55
1775;701;4;9.06.2015 16:10
1776;739;36;18.07.2018 13:40
1777;130;27;13.07.2014 09:24
1778;546;38;11.02.2019 11:13
1779;254;41;5.09.2019 10:06
1780;607;19;13.06.2014 15:00
1781;418;26;22.03.2014 11:24
1782;462;20;12.03.2016 14:11
1783;532;25;9.11.2018 14:59
1784;64;6;25.05.2013 16:04
1785;301;16;4.05.2015 12:46
1786;361;26;20.02.2012 16:40
1787;440;31;12.09.2014 14:32
1788;561;6;10.02.2017 15:06
1789;404;50;13.08.2013 10:02
1790;387;48;3.09.2018 14:40
1791;39;37;20.11.2013 14:37
1792;204;24;2.07.2017 12:26
1793;483;21;16.09.2017 12:13
1794;670;1;26.06.2012 09:40
1795;434;28;16.12.2015 10:55
1796;306;43;4.09.2019 12:51
1797;539;34;8.12.2017 12:11
1798;582;36;14.06.2019 12:11
1799;469;27;12.01.2014 12:25
1800;356;19;24.08.2014 13:05
1801;264;41;25.05.2016 09:07
1802;88;13;5.08.2015 09:45
1803;28;39;22.02.2014 12:11
1804;489;31;17.04.2019 11:57
1805;183;26;11.11.2015 09:21
1806;479;31;11.02.2017 11:03
1807;342;40;23.11.2019 09:02
1808;183;34;12.04.2016 15:46
1809;643;5;24.07.2018 12:05
1810;142;11;6.06.2012 11:52
1811;290;14;1.04.2016 15:05
1812;54;28;23.05.2013 09:05
1813;239;12;4.09.2013 11:40
1814;131;6;5.09.2018 16:25
1815;573;36;10.12.2017 13:53
1816;705;8;17.03.2018 10:20
1817;526;50;1.09.2019 15:10
1818;577;12;4.11.2012 09:09
1819;173;14;3.12.2017 16:17
1820;621;2;13.02.2019 13:22
1821;95;4;23.11.2013 10:54
1822;724;19;21.08.2017 15:33
1823;635;28;2.04.2014 16:38
1824;472;39;4.09.2015 15:25
1825;369;26;18.10.2016 13:28
1826;269;9;22.11.2016 14:48
1827;393;8;21.08.2018 15:47
1828;232;36;25.10.2017 13:29
1829;549;9;9.07.2019 16:56
1830;604;49;15.05.2014 10:42
1831;404;25;21.08.2016 09:44
1832;118;34;4.03.2017 11:34
1833;606;5;14.02.2014 10:47
1834;4;11;9.06.2016 14:52
1835;434;22;16.03.2014 09:18
1836;509;2;23.09.2014 12:29
1837;311;21;2.11.2015 14:13
1838;508;14;4.10.2012 14:01
1839;304;50;7.06.2015 14:32
1840;128;20;14.11.2012 14:50
1841;311;8;1.09.2014 15:17
1842;517;30;15.05.2015 12:18
1843;441;5;3.01.2017 11:30
1844;270;2;2.07.2012 16:55
1845;346;31;27.05.2017 16:31
1846;560;2;15.06.2012 16:34
1847;722;48;6.08.2015 13:01
1848;314;43;27.11.2018 15:07
1849;303;39;12.12.2015 14:12
1850;500;47;2.02.2015 12:13
1851;694;6;8.02.2016 15:33
1852;170;3;5.04.2012 16:55
1853;624;48;23.11.2012 12:39
1854;388;3;3.05.2018 15:44
1855;428;35;14.04.2012 09:40
1856;403;12;26.02.2012 12:33
1857;388;40;3.09.2018 15:40
1858;119;25;1.03.2013 13:54
1859;591;16;18.02.2012 09:33
1860;378;16;17.08.2015 12:25
1861;467;22;2.04.2012 15:36
1862;88;14;20.07.2017 11:04
1863;366;26;3.12.2018 12:33
1864;532;38;5.04.2014 13:41
1865;580;45;27.01.2017 15:50
1866;388;45;3.06.2017 13:09
1867;284;20;9.09.2018 09:34
1868;451;49;7.08.2019 15:28
1869;584;40;19.04.2012 12:55
1870;166;48;16.08.2014 12:09
1871;303;12;22.11.2019 16:08
1872;69;32;24.01.2015 11:59
1873;720;10;13.01.2016 15:38
1874;67;2;1.09.2012 15:53
1875;544;8;16.08.2012 12:41
1876;101;9;21.02.2015 10:40
1877;591;37;7.08.2016 13:24
1878;734;14;24.05.2013 14:24
1879;635;20;11.01.2013 14:08
1880;183;27;1.01.2019 11:27
1881;278;48;23.04.2016 15:20
1882;509;4;19.11.2018 12:19
1883;115;9;26.09.2015 12:26
1884;217;41;24.12.2017 15:10
1885;616;6;14.10.2018 11:30
1886;619;7;14.04.2014 09:25
1887;672;3;19.02.2014 09:17
1888;639;9;10.08.2013 15:40
1889;496;35;8.10.2014 13:47
1890;481;4;23.04.2013 13:18
1891;659;28;26.06.2016 13:01
1892;273;38;27.05.2014 16:22
1893;659;36;26.11.2015 13:18
1894;436;5;23.03.2015 12:59
1895;310;29;6.06.2015 14:36
1896;240;47;13.11.2017 11:02
1897;704;6;21.07.2012 11:11
1898;392;21;15.12.2012 14:39
1899;43;47;2.02.2017 15:13
1900;374;18;16.05.2018 10:36
1901;354;3;25.08.2019 15:47
1902;22;33;18.09.2015 16:39
1903;345;50;11.02.2019 15:57
1904;247;16;21.04.2017 13:39
1905;104;47;19.11.2014 11:38
1906;36;47;3.12.2013 15:38
1907;640;45;12.05.2012 13:54
1908;378;8;25.04.2013 15:19
1909;663;19;14.12.2017 11:30
1910;237;44;14.05.2019 14:16
1911;128;9;14.12.2019 12:00
1912;456;46;24.01.2016 10:29
1913;401;19;27.02.2013 11:21
1914;692;35;16.10.2015 16:46
1915;108;15;11.03.2019 14:46
1916;487;41;25.06.2019 14:20
1917;65;6;16.11.2016 15:19
1918;474;48;19.05.2017 09:20
1919;485;46;26.06.2016 10:20
1920;582;12;16.04.2012 15:24
1921;612;20;2.01.2016 15:35
1922;442;44;25.12.2016 09:12
1923;257;22;14.12.2014 16:59
1924;327;17;22.08.2013 11:02
1925;265;37;7.01.2012 16:05
1926;25;20;7.09.2017 11:04
1927;666;16;25.10.2015 12:02
1928;356;19;20.03.2016 09:57
1929;624;32;8.06.2018 16:54
1930;202;50;22.12.2018 11:40
1931;603;36;1.01.2017 11:37
1932;420;27;20.08.2015 15:06
1933;218;6;10.10.2015 13:45
1934;579;17;3.03.2014 16:43
1935;428;27;7.10.2016 09:25
1936;198;12;5.05.2014 14:52
1937;685;11;9.11.2018 09:39
1938;315;2;8.08.2016 12:53
1939;671;8;2.08.2017 10:25
1940;339;32;5.12.2015 16:52
1941;566;6;27.02.2015 13:27
1942;302;44;7.04.2016 12:03
1943;463;31;1.01.2015 10:06
1944;38;40;24.03.2014 14:49
1945;676;10;4.03.2012 10:41
1946;495;23;12.11.2015 11:48
1947;656;3;11.07.2012 16:55
1948;704;25;3.02.2017 11:59
1949;126;31;4.01.2017 13:02
1950;268;50;6.01.2012 10:41
1951;209;43;27.03.2017 16:09
1952;606;33;4.07.2018 10:03
1953;575;36;25.02.2012 12:45
1954;306;36;24.01.2014 11:12
1955;664;20;7.12.2012 13:11
1956;65;23;24.04.2016 15:16
1957;550;16;15.04.2012 13:31
1958;563;25;22.04.2019 10:00
1959;746;50;6.09.2016 09:17
1960;578;48;13.06.2014 14:27
1961;170;14;26.08.2016 12:59
1962;687;44;8.06.2016 11:43
1963;549;20;1.05.2015 11:00
1964;468;8;17.05.2019 12:07
1965;255;27;8.05.2017 15:45
1966;281;18;25.03.2016 15:41
1967;442;1;9.05.2016 12:11
1968;644;16;16.09.2015 15:48
1969;186;7;15.05.2014 12:26
1970;333;20;23.11.2013 14:02
1971;168;19;7.09.2017 11:42
1972;368;49;4.05.2016 15:11
1973;445;22;5.10.2019 11:06
1974;19;10;13.01.2016 16:59
1975;460;7;9.05.2013 11:42
1976;433;21;21.06.2017 09:43
1977;319;1;1.05.2014 15:03
1978;620;24;23.06.2013 15:12
1979;401;32;13.12.2015 13:27
1980;413;5;26.04.2012 09:52
1981;66;7;14.10.2016 09:51
1982;637;1;25.02.2014 09:27
1983;744;44;21.03.2014 10:23
1984;503;14;23.07.2012 15:27
1985;101;11;21.09.2018 12:06
1986;301;10;20.01.2018 15:19
1987;634;50;25.06.2013 15:45
1988;243;33;17.03.2019 09:28
1989;408;30;10.09.2013 14:19
1990;731;12;25.10.2015 12:09
1991;642;21;19.05.2013 12:58
1992;734;18;14.03.2017 12:14
1993;504;36;17.07.2018 12:42
1994;395;20;7.02.2019 15:23
1995;43;3;3.04.2016 10:52
1996;38;22;24.12.2012 10:45
1997;681;17;19.03.2015 13:20
1998;66;2;6.09.2016 11:53
1999;315;27;17.10.2018 09:19
2000;455;23;13.10.2012 11:33
2001;268;44;19.01.2017 16:24
2002;728;23;21.03.2012 15:58
2003;15;20;20.12.2012 14:13
2004;448;8;19.05.2013 16:59
2005;498;25;17.04.2014 16:26
2006;528;42;7.12.2017 09:02
2007;645;13;6.10.2015 11:09
2008;454;6;26.08.2019 10:11
2009;100;44;9.10.2017 12:39
2010;683;27;23.03.2017 15:37
2011;446;6;1.04.2017 11:16
2012;568;41;6.04.2019 14:16
2013;567;23;27.05.2013 13:10
2014;81;47;4.09.2014 09:52
2015;510;12;10.05.2014 09:56
2016;731;13;9.05.2012 12:14
2017;368;49;11.09.2014 11:16
2018;373;35;3.02.2017 09:39
2019;140;34;15.06.2016 16:45
2020;734;34;13.07.2016 15:06
2021;504;7;1.08.2017 09:08
2022;289;43;3.06.2019 13:25
2023;170;2;25.11.2017 15:25
2024;736;48;16.10.2019 13:19
2025;64;28;13.08.2015 14:51
2026;365;50;20.12.2019 12:58
2027;289;47;8.12.2015 09:43
2028;283;41;15.05.2019 14:05
2029;3;2;3.03.2012 11:44
2030;6;11;12.01.2013 16:47
2031;219;45;7.09.2012 10:00
2032;743;23;9.09.2017 11:21
2033;441;40;12.07.2012 15:43
2034;571;48;25.10.2012 09:43
2035;641;25;24.05.2012 16:46
2036;165;42;13.06.2015 11:54
2037;271;19;17.12.2016 11:45
2038;519;28;6.04.2017 13:46
2039;342;30;19.05.2014 14:17
2040;719;32;15.08.2013 15:45
2041;47;13;4.08.2016 15:17
2042;103;48;19.02.2017 12:29
2043;601;9;1.01.2012 15:12
2044;136;36;20.07.2016 12:05
2045;120;15;12.05.2014 16:32
2046;558;48;24.02.2017 13:47
2047;643;35;19.09.2014 09:15
2048;64;24;5.06.2012 12:27
2049;274;44;12.12.2019 14:48
2050;41;27;9.10.2015 09:37
2051;729;44;12.12.2018 12:15
2052;42;12;24.02.2015 09:25
2053;630;34;3.01.2015 10:16
2054;473;4;13.11.2012 14:14
2055;630;46;11.12.2012 10:43
2056;718;1;16.11.2016 11:50
2057;29;18;21.12.2019 11:22
2058;465;9;4.12.2016 09:31
2059;672;26;7.03.2014 13:11
2060;189;10;16.04.2014 15:47
2061;266;43;17.04.2019 15:50
2062;64;27;16.08.2012 12:35
2063;317;42;20.01.2015 15:08
2064;110;17;8.03.2015 13:03
2065;307;25;11.11.2018 16:04
2066;185;43;12.06.2012 09:26
2067;524;28;13.04.2018 12:45
2068;294;11;22.10.2016 14:23
2069;418;39;8.07.2018 16:17
2070;686;12;20.03.2015 16:49
2071;581;42;26.02.2015 09:03
2072;698;45;11.10.2018 13:41
2073;640;50;26.04.2018 09:05
2074;256;33;17.07.2014 13:55
2075;88;19;17.05.2014 10:01
2076;287;40;5.03.2019 15:08
2077;88;21;11.08.2013 15:39
2078;297;16;6.10.2013 11:40
2079;242;12;20.07.2012 15:36
2080;100;8;24.04.2014 13:01
2081;485;21;4.01.2019 16:23
2082;344;41;14.11.2016 12:01
2083;673;2;23.12.2014 10:31
2084;240;18;25.10.2013 16:55
2085;56;14;7.04.2012 14:54
2086;597;5;24.07.2018 15:34
2087;46;35;26.02.2014 09:10
2088;500;23;22.06.2016 11:11
2089;749;28;24.05.2014 09:07
2090;495;23;5.06.2015 09:53
2091;560;26;13.03.2014 11:54
2092;683;41;20.05.2014 12:00
2093;652;20;11.04.2017 16:22
2094;45;14;13.08.2018 12:45
2095;10;50;23.04.2016 13:42
2096;502;49;9.10.2015 11:54
2097;364;31;26.12.2016 12:32
2098;138;29;16.08.2012 10:59
2099;287;43;21.01.2019 16:18
2100;721;12;20.04.2019 11:10
2101;282;16;5.07.2018 14:00
2102;375;32;16.08.2019 09:57
2103;348;44;14.02.2015 16:03
2104;519;5;3.02.2018 09:55
2105;423;19;2.03.2019 12:39
2106;333;7;27.10.2012 10:10
2107;542;42;27.10.2014 12:49
2108;114;42;19.01.2014 10:02
2109;433;31;8.09.2013 15:48
2110;591;31;25.07.2012 15:23
2111;728;13;26.06.2015 12:14
2112;447;7;17.05.2017 11:22
2113;443;41;23.12.2014 11:39
2114;140;18;27.10.2016 12:39
2115;611;28;8.10.2017 12:05
2116;576;7;18.05.2017 09:35
2117;224;15;3.06.2016 15:33
2118;701;24;11.09.2018 12:55
2119;222;32;2.06.2017 11:19
2120;430;50;16.10.2015 13:46
2121;67;26;7.09.2014 10:13
2122;141;27;1.10.2013 10:46
2123;60;43;26.10.2016 11:46
2124;527;20;11.01.2013 10:02
2125;578;45;4.02.2012 15:48
2126;741;24;2.02.2012 13:37
2127;444;40;9.09.2016 10:06
2128;161;15;16.03.2012 12:16
2129;499;5;6.08.2017 10:29
2130;395;42;6.09.2017 11:02
2131;451;10;7.04.2019 15:01
2132;671;24;12.07.2017 13:27
2133;317;20;15.05.2017 15:33
2134;186;22;19.11.2012 10:52
2135;29;32;20.07.2017 09:58
2136;264;38;6.08.2013 10:51
2137;643;7;15.11.2012 11:11
2138;428;22;2.11.2016 11:44
2139;99;26;16.10.2015 15:38
2140;563;32;11.01.2019 15:45
2141;242;40;14.11.2018 16:55
2142;146;29;17.02.2017 13:08
2143;683;28;8.08.2013 11:23
2144;185;36;15.11.2018 14:52
2145;701;42;3.05.2018 09:02
2146;508;50;6.04.2012 11:00
2147;506;44;15.02.2016 16:09
2148;472;39;11.06.2013 14:29
2149;201;22;18.09.2017 10:07
2150;403;17;3.01.2013 11:19
2151;390;31;23.08.2017 13:58
2152;588;4;3.05.2019 12:23
2153;249;26;2.10.2012 16:06
2154;521;7;25.12.2017 14:21
2155;412;35;1.02.2012 10:41
2156;422;49;20.06.2018 14:42
2157;657;6;17.09.2013 16:56
2158;234;41;9.02.2019 13:46
2159;507;26;15.12.2012 16:59
2160;15;13;8.03.2016 11:35
2161;649;50;7.02.2014 14:17
2162;413;33;8.11.2019 10:52
2163;688;39;15.09.2015 10:58
2164;74;3;4.05.2018 16:18
2165;674;10;5.09.2012 10:59
2166;564;18;13.03.2015 16:16
2167;614;9;19.02.2013 10:58
2168;673;27;15.07.2018 12:57
2169;700;20;19.06.2017 16:05
2170;743;11;15.06.2017 11:20
2171;412;3;21.07.2017 16:34
2172;547;38;18.07.2012 16:26
2173;112;40;11.08.2017 16:52
2174;429;4;12.11.2012 09:19
2175;5;8;9.08.2012 16:42
2176;62;37;9.03.2017 10:01
2177;186;4;20.08.2015 16:02
2178;603;10;22.11.2014 10:30
2179;750;18;15.12.2013 16:19
2180;273;33;2.04.2018 15:37
2181;433;28;21.02.2012 11:14
2182;47;6;4.06.2012 11:12
2183;164;7;21.09.2014 16:48
2184;480;50;22.06.2014 12:26
2185;347;42;26.06.2015 14:57
2186;38;3;7.04.2018 15:01
2187;240;24;21.05.2016 13:25
2188;50;46;9.05.2015 14:25
2189;629;20;2.03.2014 15:58
2190;592;37;5.01.2018 10:34
2191;219;17;11.09.2015 09:27
2192;640;41;2.04.2019 15:17
2193;192;26;2.06.2014 13:02
2194;200;15;2.12.2017 09:47
2195;213;20;15.12.2016 13:13
2196;355;40;20.08.2019 10:10
2197;149;33;18.07.2012 10:48
2198;165;48;19.10.2019 15:18
2199;299;31;21.12.2018 16:20
2200;236;25;4.09.2016 13:45
2201;357;35;5.02.2013 16:36
2202;42;34;26.07.2016 09:10
2203;295;45;6.07.2019 12:03
2204;386;36;26.07.2019 09:46
2205;647;34;27.07.2012 14:47
2206;231;16;5.02.2013 16:00
2207;512;31;18.10.2012 11:03
2208;390;28;19.02.2014 09:23
2209;44;31;27.05.2014 16:12
2210;93;22;22.05.2018 13:54
2211;46;18;19.08.2014 09:59
2212;103;16;16.05.2017 11:55
2213;489;49;27.01.2014 13:20
2214;305;43;17.06.2017 16:39
2215;734;12;25.07.2016 10:55
2216;400;37;8.01.2015 14:15
2217;41;25;3.03.2019 15:14
2218;24;8;27.06.2014 15:36
2219;405;40;24.01.2019 12:16
2220;682;6;7.06.2014 14:37
2221;331;25;3.07.2018 11:03
2222;682;16;4.05.2015 16:36
2223;602;13;20.07.2013 11:57
2224;2;49;15.03.2016 16:24
2225;52;3;17.12.2016 11:57
2226;355;28;1.06.2016 15:36
2227;389;13;3.05.2019 09:02
2228;642;10;24.06.2016 12:01
2229;498;29;7.07.2012 14:19
2230;442;42;1.07.2013 16:15
2231;180;11;27.11.2013 10:16
2232;351;44;26.09.2014 12:59
2233;532;50;24.12.2013 16:58
2234;595;29;11.02.2015 15:25
2235;714;6;19.04.2019 09:19
2236;665;46;16.01.2012 16:03
2237;520;16;27.11.2017 12:00
2238;746;31;19.08.2012 16:35
2239;134;34;25.02.2017 13:54
2240;501;49;27.10.2012 09:04
2241;587;20;27.12.2012 15:49
2242;71;43;21.04.2019 10:28
2243;478;10;22.11.2014 11:05
2244;303;18;19.03.2015 13:50
2245;565;10;12.02.2013 12:36
2246;324;46;26.12.2015 12:13
2247;366;33;10.07.2018 12:44
2248;512;3;24.06.2013 11:38
2249;649;35;25.10.2013 16:57
2250;598;20;1.02.2015 14:57
2251;649;29;13.08.2017 14:16
2252;629;41;17.09.2016 10:31
2253;536;44;9.04.2014 13:41
2254;453;18;8.11.2012 15:20
2255;412;9;6.04.2017 14:13
2256;261;35;6.05.2019 11:42
2257;549;7;17.12.2018 16:11
2258;173;17;20.07.2015 09:19
2259;276;4;16.08.2019 15:17
2260;106;15;6.02.2012 14:46
2261;269;25;8.06.2012 16:23
2262;399;24;14.05.2016 13:25
2263;411;20;7.08.2017 15:23
2264;472;8;13.07.2017 11:35
2265;697;35;18.01.2013 15:22
2266;679;15;19.07.2019 09:47
2267;502;30;3.12.2016 16:56
2268;26;31;26.09.2016 10:30
2269;618;42;19.02.2014 10:15
2270;542;25;10.07.2013 12:16
2271;221;29;2.03.2012 12:46
2272;745;22;18.08.2014 13:51
2273;199;46;8.09.2017 16:15
2274;502;27;12.10.2014 15:28
2275;147;10;11.07.2013 09:13
2276;241;30;9.08.2017 15:20
2277;381;2;22.01.2013 12:49
2278;332;9;25.08.2017 14:08
2279;708;32;4.02.2018 11:16
2280;666;22;25.01.2012 09:47
2281;367;13;16.08.2012 14:22
2282;662;38;3.04.2013 11:28
2283;703;43;18.12.2015 14:35
2284;581;28;2.02.2017 15:32
2285;700;23;11.04.2016 16:37
2286;91;19;3.07.2012 11:22
2287;601;41;12.03.2016 13:06
2288;569;1;27.12.2017 09:26
2289;289;27;9.02.2014 15:54
2290;648;2;18.05.2013 09:00
2291;635;1;21.01.2017 14:42
2292;475;42;24.11.2015 12:13
2293;663;38;23.02.2015 15:54
2294;646;20;18.06.2019 11:18
2295;296;30;12.03.2015 15:35
2296;7;9;16.11.2013 09:42
2297;332;28;22.11.2019 09:04
2298;130;38;21.10.2018 10:03
2299;549;47;2.09.2012 16:16
2300;726;1;14.11.2013 12:16
2301;687;14;14.11.2013 15:05
2302;145;33;22.04.2014 11:27
2303;485;39;3.03.2019 13:49
2304;140;39;27.05.2017 11:07
2305;532;17;13.08.2014 15:04
2306;670;15;26.01.2012 10:27
2307;231;34;23.05.2018 11:31
2308;606;49;9.07.2018 15:52
2309;681;33;12.07.2017 15:29
2310;132;50;10.01.2018 14:02
2311;438;6;12.10.2013 11:21
2312;444;14;27.05.2013 15:18
2313;667;9;25.11.2015 16:41
2314;550;20;11.12.2015 14:28
2315;681;50;16.07.2015 13:39
2316;521;15;21.01.2019 16:22
2317;24;36;12.06.2017 15:35
2318;331;32;6.09.2015 13:18
2319;559;39;26.08.2012 11:18
2320;522;45;26.02.2016 11:31
2321;182;8;9.06.2015 14:00
2322;318;10;8.10.2015 12:28
2323;718;38;27.08.2017 15:21
2324;120;10;4.03.2016 10:10
2325;686;26;11.12.2013 12:59
2326;491;48;10.09.2017 15:08
2327;95;20;11.09.2014 16:21
2328;216;50;16.01.2015 13:22
2329;27;43;21.08.2013 10:56
2330;395;25;11.11.2013 10:36
2331;456;23;12.09.2014 15:01
2332;383;9;15.07.2014 09:27
2333;134;38;5.09.2014 15:56
2334;148;6;9.07.2016 09:20
2335;354;12;18.05.2012 09:14
2336;620;18;25.11.2012 16:54
2337;560;29;11.09.2017 15:14
2338;228;42;15.03.2017 12:35
2339;127;46;13.09.2016 10:31
2340;718;25;18.03.2012 10:50
2341;538;24;26.02.2014 09:55
2342;300;5;10.05.2018 16:49
2343;606;29;15.08.2014 11:44
2344;354;28;26.12.2019 09:31
2345;465;11;8.01.2019 14:58
2346;528;22;19.06.2017 11:51
2347;729;28;21.11.2012 10:54
2348;563;26;22.02.2016 15:22
2349;191;33;15.01.2018 10:03
2350;740;50;2.10.2013 16:36
2351;66;22;20.07.2018 10:20
2352;504;20;24.05.2017 10:43
2353;527;50;5.04.2014 13:47
2354;569;47;27.04.2019 16:17
2355;730;25;17.09.2015 09:54
2356;59;17;10.04.2013 15:25
2357;189;36;19.12.2016 14:01
2358;98;28;23.02.2019 12:29
2359;717;24;9.12.2019 11:05
2360;323;42;17.05.2018 10:52
2361;472;12;12.10.2018 14:26
2362;426;30;5.06.2013 09:28
2363;31;8;7.10.2014 14:49
2364;324;1;15.02.2015 15:52
2365;488;25;24.06.2014 14:33
2366;412;46;26.05.2015 12:19
2367;480;7;19.09.2016 13:41
2368;185;9;1.11.2013 12:46
2369;720;4;26.07.2015 16:18
2370;349;34;16.06.2015 15:49
2371;56;10;8.07.2013 12:41
2372;466;19;25.10.2013 10:42
2373;450;8;16.07.2015 12:06
2374;546;34;9.07.2013 14:27
2375;348;8;1.08.2015 13:01
2376;636;3;27.09.2018 10:10
2377;147;3;3.04.2012 14:13
2378;350;9;9.06.2012 10:40
2379;536;17;22.10.2015 09:38
2380;464;43;11.01.2013 09:13
2381;725;44;6.03.2016 09:57
2382;724;1;12.04.2012 13:52
2383;646;8;24.07.2014 16:32
2384;547;28;15.06.2013 15:08
2385;219;19;10.12.2017 09:00
2386;26;22;7.09.2016 13:40
2387;471;40;17.12.2016 09:53
2388;114;48;23.12.2017 11:13
2389;576;3;10.10.2013 15:34
2390;227;24;4.08.2014 10:39
2391;280;33;8.09.2017 09:00
2392;746;19;10.06.2017 14:56
2393;421;35;23.06.2018 11:22
2394;33;35;2.03.2015 16:54
2395;346;44;23.10.2016 13:30
2396;592;19;1.10.2012 15:28
2397;331;33;11.09.2017 10:44
2398;155;23;24.04.2019 10:44
2399;619;8;17.06.2013 12:09
2400;11;30;17.10.2015 12:13
2401;175;5;19.08.2019 11:25
2402;285;10;11.12.2018 12:45
2403;408;36;20.07.2015 11:45
2404;710;50;15.10.2012 15:36
2405;436;37;19.10.2014 12:32
2406;602;23;8.02.2019 10:54
2407;376;30;13.03.2015 16:33
2408;160;23;7.12.2013 10:00
2409;589;21;9.01.2015 10:33
2410;147;43;20.08.2017 11:22
2411;616;15;5.07.2017 10:33
2412;110;29;5.06.2013 15:53
2413;237;24;22.03.2014 13:05
2414;285;7;9.12.2019 09:58
2415;64;4;8.06.2013 12:05
2416;323;20;14.02.2015 14:44
2417;594;35;9.02.2016 15:52
2418;418;18;20.11.2017 09:53
2419;738;41;19.09.2019 14:02
2420;104;18;11.05.2016 15:16
2421;349;7;26.02.2014 12:24
2422;198;2;1.01.2014 16:24
2423;105;41;17.01.2019 09:12
2424;617;19;11.10.2015 15:58
2425;580;38;24.01.2019 16:52
2426;236;3;26.10.2016 13:29
2427;80;7;18.12.2019 09:58
2428;387;49;23.08.2012 16:49
2429;462;25;23.09.2016 11:57
2430;469;13;8.09.2013 15:15
2431;250;9;3.02.2018 09:00
2432;80;27;21.06.2019 11:17
2433;353;25;22.03.2017 14:41
2434;100;24;16.03.2018 16:59
2435;52;38;6.09.2016 11:15
2436;187;38;21.05.2013 14:43
2437;346;26;9.11.2015 12:51
2438;130;25;13.04.2019 10:12
2439;728;9;1.07.2012 10:30
2440;574;2;13.01.2017 11:07
2441;694;43;10.05.2016 12:56
2442;239;49;12.12.2013 13:31
2443;324;40;8.09.2017 12:21
2444;180;8;19.02.2013 11:51
2445;478;5;3.04.2012 12:07
2446;59;12;24.10.2012 12:30
2447;573;12;25.03.2017 10:53
2448;698;50;1.11.2017 09:05
2449;386;23;7.01.2015 10:05
2450;15;33;20.04.2013 15:40
2451;726;6;11.12.2016 13:58
2452;247;19;4.09.2015 14:57
2453;664;11;7.12.2017 15:29
2454;676;20;5.12.2016 11:50
2455;312;49;21.10.2015 13:38
2456;568;48;13.04.2013 16:58
2457;163;14;10.05.2015 11:39
2458;265;24;12.11.2015 13:35
2459;321;7;12.07.2017 11:11
2460;720;20;23.04.2017 10:56
2461;144;19;12.08.2017 11:12
2462;348;4;11.08.2018 09:04
2463;72;27;11.08.2014 12:01
2464;550;25;18.04.2013 13:24
2465;302;38;25.08.2016 15:24
2466;632;27;27.09.2013 16:48
2467;319;26;17.01.2016 11:15
2468;61;16;18.06.2019 10:13
2469;304;6;26.06.2018 14:57
2470;314;20;5.04.2014 11:15
2471;722;42;2.01.2016 10:05
2472;258;46;23.08.2015 12:40
2473;296;39;21.02.2015 15:25
2474;575;49;16.06.2019 16:02
2475;546;12;25.02.2014 11:52
2476;382;25;14.03.2016 16:56
2477;734;48;9.12.2018 10:04
2478;573;6;23.03.2012 11:04
2479;569;21;24.10.2018 13:55
2480;280;22;4.06.2019 11:29
2481;21;24;8.03.2016 12:36
2482;632;32;17.10.2017 09:49
2483;679;39;24.02.2015 11:43
2484;710;28;14.03.2017 15:24
2485;172;22;2.05.2015 15:08
2486;583;40;22.08.2018 13:46
2487;79;11;6.01.2012 15:02
2488;389;26;14.08.2012 16:52
2489;290;33;5.04.2015 13:05
2490;255;17;26.10.2015 14:47
2491;118;44;1.09.2016 13:11
2492;567;10;22.02.2013 16:58
2493;453;29;22.04.2015 14:17
2494;613;38;25.05.2016 16:43
2495;639;46;12.04.2018 12:12
2496;691;20;4.09.2017 16:05
2497;142;8;25.03.2018 11:40
2498;88;11;8.04.2017 09:18
2499;275;10;23.11.2018 16:21
2500;565;21;13.12.2014 12:53
2501;4;19;27.11.2018 12:53
2502;722;9;24.06.2014 09:08
2503;456;7;14.02.2015 13:14
2504;324;47;27.09.2016 09:39
2505;166;35;15.06.2015 13:44
2506;591;19;25.06.2014 16:54
2507;608;19;23.08.2014 09:48
2508;419;50;25.02.2012 14:22
2509;128;39;1.02.2017 16:02
2510;696;7;10.09.2019 15:32
2511;690;21;4.02.2016 14:43
2512;417;40;8.04.2018 10:51
2513;722;30;3.03.2014 14:18
2514;484;43;14.07.2018 10:37
2515;384;20;16.09.2018 11:58
2516;159;10;2.02.2015 14:45
2517;533;36;20.03.2019 12:48
2518;490;14;7.07.2019 10:25
2519;336;40;1.02.2012 16:49
2520;222;31;23.10.2012 12:40
2521;237;28;26.08.2012 15:41
2522;400;30;22.11.2018 13:53
2523;533;4;22.12.2015 09:04
2524;713;36;25.10.2018 13:41
2525;626;25;15.11.2013 11:49
2526;741;29;6.05.2012 16:40
2527;683;17;12.06.2012 14:44
2528;347;35;2.07.2016 09:11
2529;308;25;20.12.2018 14:22
2530;399;5;26.02.2012 11:02
2531;649;46;13.07.2015 15:41
2532;209;47;14.09.2015 11:43
2533;25;25;11.11.2017 10:54
2534;193;16;9.05.2012 12:08
2535;456;13;19.04.2015 12:30
2536;162;39;6.11.2014 14:52
2537;600;40;23.11.2019 13:01
2538;451;42;15.08.2013 10:49
2539;619;8;2.01.2014 12:07
2540;123;15;21.07.2014 14:54
2541;479;42;2.05.2013 15:38
2542;330;21;2.01.2012 13:30
2543;364;39;10.05.2012 12:04
2544;505;10;6.03.2015 10:30
2545;502;49;20.05.2018 16:57
2546;679;11;3.01.2014 15:30
2547;277;49;15.02.2019 16:07
2548;655;3;13.04.2017 12:59
2549;150;36;8.07.2015 13:59
2550;19;46;11.12.2019 15:45
2551;367;2;2.10.2019 11:33
2552;469;10;13.06.2012 09:34
2553;743;9;26.02.2016 11:43
2554;301;42;3.01.2014 11:56
2555;632;10;8.10.2019 13:08
2556;656;12;18.12.2017 10:02
2557;614;32;20.08.2018 14:02
2558;178;37;15.06.2017 15:27
2559;642;10;24.09.2013 14:27
2560;326;20;11.07.2015 14:20
