2;607;1;
3;765;1;
4;765;1;
5;765;1;
6;117;1;
7;658;4;
8;833;1;
9;601;1;
10;607;1;
11;131;1;
12;512;1;
13;168;1;
14;168;1;
15;674;1;
16;1216;1;
17;658;4;
18;466;1;
19;62;1;
20;799;1;
21;799;1;
22;799;1;
23;477;1;
24;1018;1;
25;1018;1;
26;690;1;
27;1010;1;
28;1004;1;
29;1004;1;
30;971;1;
31;835;1;
32;835;1;
33;505;1;
34;201;1;
35;201;1;
36;191;1;
37;194;1;
38;194;1;
39;191;1;
40;191;1;
41;201;1;
42;201;1;
43;201;1;
44;201;1;
45;201;1;
46;201;1;
47;201;1;
48;201;1;
49;201;1;
50;201;1;
51;201;1;
52;196;1;
53;196;1;
54;201;1;
55;201;1;
56;201;1;
57;201;1;
58;201;1;
59;201;1;
60;201;1;
61;201;1;
62;201;1;
63;197;1;
64;191;1;
65;191;1;
66;191;1;
67;191;1;
68;191;1;
69;191;1;
70;191;1;
71;191;1;
72;191;1;
73;191;1;
74;191;1;
75;191;1;
76;191;1;
77;191;1;
78;191;1;
79;191;1;
80;191;1;
81;191;1;
82;195;1;
83;195;1;
84;195;1;
85;195;1;
86;195;1;
87;195;1;
88;195;1;
89;195;1;
90;195;1;
91;195;1;
92;201;1;
93;201;1;
94;201;1;
95;201;1;
96;201;1;
97;201;1;
98;201;1;
99;201;1;
100;201;1;
101;191;1;
102;191;1;
103;191;1;
104;191;1;
105;191;1;
106;191;1;
107;191;1;
108;191;1;
109;194;1;
110;194;1;
111;194;1;
112;194;1;
113;194;1;
114;194;1;
115;194;1;
116;194;1;
117;194;1;
118;194;1;
119;194;1;
120;194;1;
121;194;1;
122;194;1;
123;194;1;
124;194;1;
125;194;1;
126;194;1;
127;194;1;
128;191;1;
129;191;1;
130;191;1;
131;191;1;
132;191;1;
133;191;1;
134;191;1;
135;191;1;
136;194;1;
137;194;1;
138;194;1;
139;194;1;
140;194;1;
141;194;1;
142;194;1;
143;194;1;
144;194;1;
145;194;1;
146;194;1;
147;194;1;
148;191;1;
149;191;1;
150;194;1;
151;194;1;
152;191;1;
153;191;1;
154;191;1;
155;191;1;
156;191;1;
157;191;1;
158;191;1;
159;191;1;
160;191;1;
161;191;1;
162;191;1;
163;191;1;
164;191;1;
165;191;1;
166;191;1;
167;191;1;
168;191;1;
169;191;1;
170;194;1;
171;194;1;
172;194;1;
173;194;1;
174;191;1;
175;191;1;
176;191;1;
177;191;1;
178;191;1;
179;194;1;
180;194;1;
181;194;1;
182;194;1;
183;194;1;
184;194;1;
185;194;1;
186;194;1;
187;194;1;
188;698;1;
189;698;1;
190;631;1;
191;981;1;
192;981;1;
193;981;1;
194;981;1;
195;981;1;
196;981;1;
197;791;1;
198;791;1;
199;981;1;
200;981;1;
201;981;1;
202;981;1;
203;981;1;
204;981;1;
205;981;1;
206;981;1;
207;981;1;
208;919;2;
209;919;2;
210;919;2;
211;919;2;
212;791;1;
213;292;1;
214;292;1;
215;103;1;
216;843;1;
217;12;1;
218;12;1;
219;896;1;
220;896;1;
221;896;1;
222;109;1;
223;368;1;
224;413;1;
225;413;1;
226;401;1;
227;401;1;
228;401;1;
229;411;1;
230;84;1;
231;827;1;
232;827;1;
233;827;1;
234;827;1;
235;1066;1;
236;1066;1;
237;150;1;
238;150;1;
239;870;1;
240;468;1;
241;895;1;
242;895;1;
243;895;1;
244;90;1;
245;90;1;
246;69;1;
247;1155;1;
248;282;1;
249;282;1;
250;1155;1;
251;373;1;
252;677;1;
253;269;1;
254;269;1;
255;728;1;
256;205;1;
257;885;1;
258;885;1;
259;885;1;
260;235;1;
261;235;1;
262;235;1;
263;235;1;
264;235;1;
265;889;1;
266;889;1;
267;927;1;
268;927;1;
269;927;1;
270;832;1;
271;832;1;
272;832;1;
273;224;1;
274;224;1;
275;224;1;
276;216;1;
277;216;1;
278;216;1;
279;216;1;
280;216;1;
281;216;1;
282;216;1;
283;712;1;
284;712;1;
285;832;1;
286;832;1;
287;832;1;
288;832;1;
289;385;1;
290;385;1;
291;385;1;
292;385;1;
293;385;1;
294;163;3;
295;163;3;
296;163;3;
297;163;3;
298;163;3;
299;850;1;
300;1129;1;
301;1129;1;
302;250;1;
303;250;1;
304;250;1;
305;250;1;
306;929;1;
307;495;1;
308;810;1;
309;810;1;
310;443;1;
311;165;3;
312;1096;1;
313;1096;1;
314;1095;1;
315;1095;1;
316;1095;1;
317;1095;1;
318;1096;1;
319;1072;1;
320;1072;1;
321;1072;1;
322;1072;1;
323;1072;1;
324;407;1;
325;407;1;
326;953;5;
327;953;5;
328;420;1;
329;373;1;
330;618;1;
331;618;1;
332;618;1;
333;408;1;
334;368;1;
335;413;1;
336;413;1;
337;407;1;
338;407;1;
339;554;1;
340;554;1;
341;554;1;
342;554;1;
343;554;1;
344;241;1;
345;241;1;
346;130;1;
347;344;1;
348;870;1;
349;185;4;
350;1044;1;
351;185;4;
352;185;4;
353;185;4;
354;185;4;
355;1183;1;
356;1026;1;
357;241;1;
358;241;1;
359;239;1;
365;1095;1;
366;1095;1;
367;1095;1;
368;761;1;
369;1120;1;
370;1123;1;
371;851;1;
372;697;1;
373;228;1;
374;548;1;
375;548;1;
376;548;1;
377;548;1;
378;548;1;
379;540;1;
380;540;1;
381;540;1;
382;540;1;
383;130;1;
384;541;1;
385;541;1;
386;541;1;
387;541;1;
388;541;1;
389;853;1;
390;853;1;
391;691;1;
392;327;1;
393;327;1;
394;929;1;
395;924;1;
396;682;1;
397;1128;1;
398;1128;1;
399;1179;1;
400;1058;1;
401;1122;1;
402;1122;1;
403;1122;1;
404;1122;1;
405;1026;1;
406;1026;1;
407;385;1;
408;1177;1;
409;1177;1;
410;416;1;
411;1129;1;
412;105;1;
413;105;1;
414;105;1;
415;1161;1;
416;223;1;
417;725;1;
418;725;1;
419;325;1;
420;325;1;
421;325;1;
422;325;1;
423;325;1;
424;1084;1;
425;1084;1;
426;951;5;
427;951;5;
428;951;5;
429;951;5;
430;951;5;
431;1022;1;
432;1022;1;
433;1022;1;
434;1022;1;
435;1022;1;
436;1026;1;
437;1026;1;
438;1022;1;
439;1022;1;
440;1022;1;
441;83;1;
442;83;1;
443;83;1;
444;83;1;
445;83;1;
446;601;1;
447;1118;1;
448;822;1;
449;822;1;
450;583;1;
451;583;1;
452;583;1;
453;583;1;
454;583;1;
455;583;1;
456;189;1;
457;298;1;
458;266;1;
459;266;1;
460;266;1;
461;266;1;
462;266;1;
463;549;1;
464;549;1;
465;549;1;
466;549;1;
467;549;1;
468;549;1;
469;549;1;
470;549;1;
471;549;1;
472;549;1;
473;549;1;
474;549;1;
475;549;1;
476;993;1;
477;993;1;
478;993;1;
479;788;1;
480;893;1;
481;893;1;
482;1048;1;
483;1048;1;
484;1048;1;
485;1048;1;
486;1048;1;
487;927;1;
488;927;1;
489;3;1;
490;3;1;
491;481;1;
492;481;1;
493;416;1;
494;416;1;
495;416;1;
496;416;1;
497;909;1;
498;178;1;
499;469;1;
500;590;1;
501;590;1;
502;1078;1;
503;851;1;
504;225;1;
505;245;1;
506;1033;1;
507;1211;1;
508;1211;1;
509;1211;1;
510;21;1;
511;21;1;
512;1130;1;
513;1052;1;
514;657;4;
515;1114;1;
516;1212;1;
517;33;1;
518;956;1;
519;956;1;
520;956;1;
521;956;1;
522;956;1;
523;956;1;
524;1209;1;
525;1209;1;
526;708;1;
527;1002;1;
528;1002;1;
529;1002;1;
530;928;1;
531;1156;1;
532;72;1;
533;850;1;
534;961;1;
535;961;1;
536;851;1;
537;851;1;
538;851;1;
539;851;1;
540;851;1;
541;921;1;
542;16;1;
543;16;1;
544;1139;1;
545;851;1;
546;851;1;
547;851;1;
548;851;1;
549;851;1;
550;851;1;
551;57;1;
552;809;1;
553;809;1;
554;184;1;
555;184;1;
556;184;1;
557;184;1;
558;184;1;
559;184;1;
560;184;1;
561;184;1;
562;184;1;
563;809;1;
564;809;1;
565;809;1;
566;307;1;
567;307;1;
568;314;1;
569;314;1;
570;314;1;
571;108;1;
572;1071;1;
573;1129;1;
574;1129;1;
575;1022;1;
576;1022;1;
577;1022;1;
578;1022;1;
579;981;1;
580;981;1;
581;981;1;
582;981;1;
583;788;1;
584;15;1;
585;981;1;
586;981;1;
587;981;1;
588;981;1;
589;981;1;
590;788;1;
591;156;1;
592;263;1;
593;263;1;
594;263;1;
595;263;1;
596;790;1;
597;850;1;
598;850;1;
599;869;1;
600;867;1;
601;863;1;
602;524;1;
603;856;1;
604;856;1;
605;791;1;
606;1022;1;
607;1022;1;
608;62;1;
609;62;1;
610;844;1;
611;929;1;
612;618;1;
613;1102;1;
614;1102;1;
615;1102;1;
616;1102;1;
617;1102;1;
618;1102;1;
619;1102;1;
620;373;1;
621;618;1;
622;618;1;
623;924;1;
624;924;1;
625;926;1;
626;1126;1;
627;1102;1;
628;308;1;
629;308;1;
630;308;1;
631;315;1;
632;315;1;
633;587;1;
634;986;1;
635;986;1;
636;708;1;
637;708;1;
638;250;1;
639;250;1;
640;250;1;
641;250;1;
642;325;1;
643;325;1;
644;325;1;
645;139;1;
646;1070;1;
647;984;5;
648;984;5;
649;541;1;
650;541;1;
651;1017;1;
652;1017;1;
653;1017;1;
654;1017;1;
655;1017;1;
656;1017;1;
657;325;1;
658;325;1;
659;325;1;
660;325;1;
661;325;1;
662;325;1;
663;325;1;
664;325;1;
665;874;1;
666;29;1;
667;29;1;
668;29;1;
669;29;1;
670;29;1;
671;29;1;
672;1085;1;
673;1085;1;
674;1017;1;
675;1017;1;
676;1017;1;
677;1017;1;
678;1017;1;
679;1017;1;
680;1017;1;
681;817;1;
682;549;1;
683;549;1;
684;549;1;
685;549;1;
686;549;1;
687;549;1;
688;549;1;
689;549;1;
690;549;1;
691;549;1;
692;1003;1;
693;1003;1;
694;624;1;
695;1064;1;
696;587;1;
697;587;1;
698;104;1;
699;1121;1;
700;358;1;
701;1121;1;
702;1121;1;
703;1121;1;
704;633;1;
705;633;1;
706;559;1;
707;551;1;
708;325;1;
709;325;1;
710;325;1;
711;325;1;
712;931;1;
713;504;1;
714;797;1;
715;11;1;
716;11;1;
717;11;1;
718;1066;1;
719;1066;1;
720;308;1;
721;308;1;
722;308;1;
723;308;1;
724;308;1;
725;308;1;
726;308;1;
727;315;1;
728;315;1;
729;315;1;
730;315;1;
731;701;1;
732;1169;1;
733;1169;1;
734;833;1;
735;576;1;
736;412;1;
737;576;1;
738;576;1;
739;576;1;
740;576;1;
741;964;1;
742;964;1;
743;576;1;
744;576;1;
745;576;1;
746;576;1;
747;576;1;
748;576;1;
749;576;1;
750;1165;1;
751;542;1;
752;576;1;
753;576;1;
754;576;1;
755;1138;1;
756;51;1;
757;51;1;
758;51;1;
759;139;1;
760;370;1;
761;370;1;
762;572;1;
763;572;1;
764;572;1;
765;572;1;
766;370;1;
767;370;1;
768;633;1;
769;633;1;
770;842;1;
771;76;1;
772;684;1;
773;684;1;
774;1059;1;
775;386;1;
776;386;1;
777;386;1;
778;1059;1;
779;771;1;
780;46;1;
781;258;1;
782;258;1;
783;258;1;
784;258;1;
785;258;1;
786;394;1;
787;394;1;
788;1171;1;
789;1171;1;
790;684;1;
791;684;1;
792;165;3;
793;273;1;
794;273;1;
795;814;1;
796;814;1;
797;952;1;
798;952;1;
799;952;1;
800;952;1;
801;952;1;
802;411;1;
803;411;1;
804;545;1;
805;410;1;
806;2;1;
807;2;1;
808;112;1;
809;112;1;
810;586;1;
811;117;1;
812;117;1;
813;117;1;
814;163;3;
815;163;3;
816;161;4;
817;1057;1;
818;928;1;
819;1147;1;
820;258;1;
821;258;1;
822;258;1;
823;258;1;
824;165;3;
825;798;1;
826;557;1;
827;557;1;
828;82;1;
829;82;1;
830;82;1;
831;82;1;
832;82;1;
833;82;1;
834;82;1;
835;82;1;
836;396;1;
837;396;1;
838;1037;1;
839;1037;1;
840;1037;1;
841;1037;1;
842;1037;1;
843;493;1;
844;382;1;
845;382;1;
846;382;1;
847;382;1;
848;391;1;
849;391;1;
850;1167;1;
851;1167;1;
852;1167;1;
853;771;1;
854;662;1;
855;686;1;
856;213;1;
857;1221;1;
858;1221;1;
859;1221;1;
860;1221;1;
861;1221;1;
862;773;1;
863;650;1;
864;1131;1;
865;552;1;
866;183;1;
867;183;1;
868;183;1;
869;183;1;
870;111;1;
871;844;1;
872;201;1;
873;201;1;
874;201;1;
875;201;1;
876;201;1;
877;201;1;
878;201;1;
879;201;1;
880;201;1;
881;201;1;
882;201;1;
883;201;1;
884;201;1;
885;191;1;
886;191;1;
887;191;1;
888;191;1;
889;191;1;
890;195;1;
891;195;1;
892;195;1;
893;195;1;
894;195;1;
895;201;1;
896;194;1;
897;194;1;
898;194;1;
899;194;1;
900;194;1;
901;191;1;
902;191;1;
903;191;1;
904;191;1;
905;191;1;
906;194;1;
907;194;1;
908;194;1;
909;194;1;
910;194;1;
911;194;1;
912;194;1;
913;194;1;
914;191;1;
915;191;1;
916;191;1;
917;191;1;
918;191;1;
919;191;1;
920;191;1;
921;194;1;
922;194;1;
923;186;1;
924;186;1;
925;186;1;
926;204;1;
927;204;1;
928;204;1;
929;204;1;
930;194;1;
931;194;1;
932;194;1;
933;194;1;
934;194;1;
935;194;1;
936;194;1;
937;194;1;
938;204;1;
939;204;1;
940;194;1;
941;194;1;
942;194;1;
943;194;1;
944;194;1;
945;193;1;
946;193;1;
947;193;1;
948;193;1;
949;193;1;
950;193;1;
951;193;1;
952;193;1;
953;193;1;
954;1093;1;
955;1093;1;
956;63;1;
957;431;1;
958;549;1;
959;549;1;
960;1074;1;
961;416;1;
962;852;1;
963;852;1;
964;595;1;
965;1044;1;
966;1044;1;
967;425;1;
968;595;1;
969;529;1;
970;1146;1;
971;717;1;
972;717;1;
973;1158;1;
974;734;1;
975;262;1;
976;1203;1;
977;1203;1;
978;896;1;
979;894;1;
980;894;1;
981;894;1;
982;894;1;
983;894;1;
984;896;1;
985;891;1;
986;895;1;
987;898;1;
988;894;1;
989;894;1;
990;894;1;
991;894;1;
992;897;1;
993;897;1;
994;896;1;
995;663;1;
996;773;1;
997;780;1;
998;877;1;
999;1069;1;
1000;1091;1;
1001;1072;1;
1002;1072;1;
1003;1072;1;
1004;261;1;
1005;1090;1;
1006;1091;1;
1007;1205;1;
1008;148;1;
1009;148;1;
1010;1161;1;
1011;1161;1;
1012;1161;1;
1013;1014;1;
1014;1014;1;
1015;1014;1;
1016;1014;1;
1017;1165;1;
1018;1096;1;
1019;1093;1;
1020;1093;1;
1021;1086;1;
1022;850;1;
1023;850;1;
1024;850;1;
1025;1159;1;
1026;1189;1;
1027;850;1;
1028;49;1;
1029;1082;1;
1030;1082;1;
1031;60;1;
1032;60;1;
1033;1082;1;
1034;908;1;
1035;908;1;
1036;1055;1;
1037;1055;1;
1038;1056;1;
1039;1056;1;
1040;30;1;
1041;30;1;
1042;32;1;
1043;685;1;
1044;685;1;
1045;987;1;
1046;352;1;
1047;352;1;
1048;1110;1;
1049;1110;1;
1050;1110;1;
1051;352;1;
1052;352;1;
1053;1110;1;
1054;1110;1;
1055;30;1;
1056;30;1;
1057;908;1;
1058;908;1;
1059;908;1;
1060;95;1;
1061;95;1;
1062;960;1;
1063;960;1;
1064;710;1;
1065;886;1;
1066;886;1;
1067;336;1;
1068;336;1;
1069;336;1;
1070;336;1;
1071;712;1;
1072;931;1;
1073;106;1;
1074;106;1;
1075;263;1;
1076;263;1;
1077;263;1;
1078;1215;1;
1079;1215;1;
1080;1215;1;
1081;1215;1;
1082;114;1;
1083;114;1;
1084;106;1;
1085;106;1;
1086;106;1;
1087;518;1;
1088;3;1;
1089;928;1;
1090;928;1;
1091;536;1;
1092;536;1;
1093;1034;1;
1094;606;1;
1095;606;1;
1096;308;1;
1097;308;1;
1098;315;1;
1099;308;1;
1100;308;1;
1101;308;1;
1102;315;1;
1103;315;1;
1104;602;1;
1105;602;1;
1106;602;1;
1107;337;1;
1108;723;1;
1109;346;1;
1110;432;1;
1111;346;1;
1112;308;1;
1113;308;1;
1114;308;1;
1115;315;1;
1116;315;1;
1117;700;1;
1118;720;1;
1119;720;1;
1120;720;1;
1121;720;1;
1122;57;1;
1123;720;1;
1124;720;1;
1125;720;1;
1126;720;1;
1127;720;1;
1128;213;1;
1129;213;1;
1130;258;1;
1131;231;1;
1132;231;1;
1133;231;1;
1134;231;1;
1135;231;1;
1136;225;1;
1137;123;1;
1138;123;1;
1139;123;1;
1140;720;1;
1141;720;1;
1142;720;1;
1143;1168;1;
1144;263;1;
1145;263;1;
1146;263;1;
1147;786;1;
1148;786;1;
1149;786;1;
1150;841;1;
1151;1121;1;
1152;555;1;
1153;555;1;
1154;555;1;
1155;555;1;
1156;555;1;
1157;976;1;
1158;976;1;
1159;976;1;
1160;976;1;
1161;976;1;
1162;976;1;
1163;976;1;
1164;976;1;
1165;976;1;
1166;976;1;
1167;976;1;
1168;976;1;
1169;976;1;
1170;976;1;
1171;976;1;
1172;976;1;
1173;554;1;
1174;554;1;
1175;554;1;
1176;554;1;
1177;554;1;
1178;554;1;
1179;554;1;
1180;554;1;
1181;554;1;
1182;554;1;
1183;554;1;
1184;554;1;
1185;554;1;
1186;559;1;
1187;559;1;
1188;555;1;
1189;565;1;
1190;560;1;
1191;564;1;
1192;553;1;
1193;566;1;
1194;559;1;
1195;559;1;
1196;559;1;
1197;559;1;
1198;559;1;
1199;559;1;
1200;554;1;
1201;564;1;
1202;564;1;
1203;564;1;
1204;564;1;
1205;564;1;
1206;554;1;
1207;554;1;
1208;554;1;
1209;554;1;
1210;554;1;
1211;859;1;
1212;518;1;
1213;859;1;
1214;807;1;
1215;807;1;
1216;652;1;
1217;652;1;
1218;564;1;
1219;564;1;
1220;564;1;
1221;564;1;
1222;564;1;
1223;559;1;
1224;559;1;
1225;452;1;
1226;125;1;
1227;810;1;
1228;810;1;
1229;810;1;
1230;676;1;
1231;1096;1;
1232;1096;1;
1233;517;1;
1234;1122;1;
1235;1122;1;
1236;109;1;
1237;553;1;
1238;553;1;
1239;553;1;
1240;1032;1;
1241;1032;1;
1242;1032;1;
1243;117;1;
1244;117;1;
1245;325;1;
1246;325;1;
1247;325;1;
1248;473;1;
1249;473;1;
1250;495;1;
1251;495;1;
1252;495;1;
1253;495;1;
1254;283;1;
1255;293;1;
1256;293;1;
1257;585;1;
1258;585;1;
1259;585;1;
1260;585;1;
1261;571;1;
1262;1144;1;
1263;1144;1;
1264;823;1;
1265;535;1;
1266;535;1;
1267;1102;1;
1268;1102;1;
1269;117;1;
1270;207;4;
1271;719;1;
1272;719;1;
1273;1002;1;
1274;1002;1;
1275;1002;1;
1276;1002;1;
1277;1002;1;
1278;1002;1;
1279;998;1;
1280;585;1;
1281;585;1;
1282;585;1;
1283;585;1;
1284;585;1;
1285;585;1;
1286;585;1;
1287;585;1;
1288;585;1;
1289;585;1;
1290;585;1;
1291;585;1;
1292;585;1;
1293;585;1;
1294;585;1;
1295;719;1;
1296;719;1;
1297;719;1;
1298;719;1;
1299;911;1;
1300;998;1;
1301;998;1;
1302;998;1;
1303;998;1;
1304;1002;1;
1305;1002;1;
1306;1002;1;
1307;1002;1;
1308;1002;1;
1309;1002;1;
1310;624;1;
1311;47;1;
1312;575;1;
1313;1066;1;
1314;1125;1;
1315;564;1;
1316;564;1;
1317;564;1;
1318;564;1;
1319;564;1;
1320;575;1;
1321;421;1;
1322;578;1;
1323;578;1;
1324;406;1;
1325;136;1;
1326;136;1;
1327;136;1;
1328;136;1;
1329;136;1;
1330;544;1;
1331;544;1;
1332;457;1;
1333;457;1;
1334;482;1;
1335;578;1;
1336;578;1;
1337;578;1;
1338;410;1;
1339;190;1;
1340;410;1;
1341;870;1;
1342;870;1;
1343;139;1;
1344;974;1;
1345;974;1;
1346;972;1;
1347;972;1;
1348;972;1;
1349;972;1;
1350;139;1;
1351;144;1;
1352;389;1;
1353;389;1;
1354;389;1;
1355;179;1;
1356;1110;1;
1357;1110;1;
1358;384;1;
1359;384;1;
1360;384;1;
1361;313;1;
1362;313;1;
1363;313;1;
1364;313;1;
1365;313;1;
1366;162;3;
1367;1026;1;
1368;1026;1;
1369;1026;1;
1370;1026;1;
1371;1026;1;
1372;1026;1;
1373;314;1;
1374;314;1;
1375;314;1;
1376;325;1;
1377;325;1;
1378;325;1;
1379;325;1;
1380;325;1;
1381;325;1;
1382;890;1;
1383;885;1;
1384;107;1;
1385;55;1;
1386;592;1;
1387;592;1;
1388;326;1;
1389;326;1;
1390;326;1;
1391;326;1;
1392;1076;1;
1393;1169;1;
1394;318;1;
1395;318;1;
1396;1077;1;
1397;644;1;
1398;494;1;
1399;494;1;
1400;1015;2;
1401;1015;2;
1402;1015;2;
1403;1015;2;
1404;260;1;
1405;260;1;
1406;1180;1;
1407;923;5;
1408;923;5;
1409;923;5;
1410;923;5;
1411;1201;1;
1412;944;1;
1413;944;1;
1414;944;1;
1415;944;1;
1416;944;1;
1417;944;1;
1418;803;1;
1419;803;1;
1420;830;1;
1421;226;1;
1422;226;1;
1423;141;1;
1424;141;1;
1425;353;1;
1426;353;1;
1427;212;1;
1428;212;1;
1429;212;1;
1430;263;1;
1431;263;1;
1432;263;1;
1433;139;1;
1434;1082;1;
1435;1082;1;
1436;1149;1;
1437;303;1;
1438;303;1;
1439;762;1;
1440;315;1;
1441;315;1;
1442;134;1;
1443;134;1;
1444;299;1;
1445;299;1;
1446;299;1;
1447;299;1;
1448;280;1;
1449;280;1;
1450;280;1;
1451;290;1;
1452;290;1;
1453;290;1;
1454;304;1;
1455;304;1;
1456;1016;1;
1457;1016;1;
1458;586;1;
1459;1123;1;
1460;1123;1;
1461;326;1;
1462;326;1;
1463;326;1;
1464;326;1;
1465;326;1;
1466;326;1;
1467;463;1;
1468;549;1;
1469;549;1;
1470;549;1;
1471;549;1;
1472;549;1;
1473;549;1;
1474;549;1;
1475;549;1;
1476;549;1;
1477;549;1;
1478;549;1;
1479;600;1;
1480;600;1;
1481;600;1;
1482;600;1;
1483;875;1;
1484;1132;1;
1485;1132;1;
1486;387;1;
1487;1110;1;
1488;445;1;
1489;846;1;
1490;470;1;
1491;1012;1;
1492;1012;1;
1493;620;1;
1494;535;1;
1495;535;1;
1496;535;1;
1497;1072;1;
1498;1072;1;
1499;735;1;
1500;13;1;
1501;107;1;
1502;107;1;
1503;702;1;
1504;252;1;
1505;1121;1;
1506;688;1;
1507;688;1;
1508;988;5;
1509;988;5;
1510;988;5;
1511;1061;1;
1512;483;1;
1513;483;1;
1514;483;1;
1515;600;1;
1516;600;1;
1517;695;1;
1518;257;1;
1519;736;1;
1520;736;1;
1521;713;1;
1522;1099;1;
1523;107;1;
1524;107;1;
1525;107;1;
1526;107;1;
1527;24;1;
1528;24;1;
1529;24;1;
1530;24;1;
1531;783;1;
1532;102;1;
1533;102;1;
1534;1208;1;
1535;1208;1;
1536;1208;1;
1537;16;1;
1538;16;1;
1539;16;1;
1540;494;1;
1541;494;1;
1542;575;1;
1543;519;1;
1544;519;1;
1545;519;1;
1546;519;1;
1547;519;1;
1548;1197;1;
1549;873;1;
1550;856;1;
1551;856;1;
1552;519;1;
1553;186;1;
1554;186;1;
1555;186;1;
1556;186;1;
1557;186;1;
1558;186;1;
1559;186;1;
1560;186;1;
1561;191;1;
1562;191;1;
1563;191;1;
1564;191;1;
1565;191;1;
1566;191;1;
1567;191;1;
1568;191;1;
1569;194;1;
1570;194;1;
1571;194;1;
1572;194;1;
1573;191;1;
1574;191;1;
1575;191;1;
1576;191;1;
1577;191;1;
1578;281;1;
1579;281;1;
1580;291;1;
1581;291;1;
1582;291;1;
1583;291;1;
1584;281;1;
1585;1129;1;
1586;1129;1;
1587;1066;1;
1588;1066;1;
1589;263;1;
1590;263;1;
1591;263;1;
1592;522;1;
1593;1026;1;
1594;1026;1;
1595;1026;1;
1596;1026;1;
1597;1026;1;
1598;1026;1;
1599;1026;1;
1600;1026;1;
1601;1022;1;
1602;1022;1;
1603;1022;1;
1604;14;1;
1605;1096;1;
1606;1146;1;
1607;1204;1;
1608;1204;1;
1609;3;1;
1610;3;1;
1611;40;1;
1612;944;1;
1613;944;1;
1614;944;1;
1615;944;1;
1616;944;1;
1617;944;1;
1618;536;1;
1619;536;1;
1620;495;1;
1621;521;1;
1622;1190;1;
1623;1190;1;
1624;545;1;
1625;545;1;
1626;547;1;
1627;997;1;
1628;994;1;
1629;371;1;
1630;382;1;
1631;382;1;
1632;357;1;
1633;928;1;
1634;388;1;
1635;388;1;
1636;388;1;
1637;351;1;
1638;351;1;
1639;339;1;
1640;344;1;
1641;339;1;
1642;339;1;
1643;339;1;
1644;389;1;
1645;389;1;
1646;389;1;
1647;237;1;
1648;237;1;
1649;237;1;
1650;1096;1;
1651;559;1;
1652;559;1;
1653;559;1;
1654;1206;1;
1655;107;1;
1656;107;1;
1657;452;1;
1658;452;1;
1659;1129;1;
1660;1129;1;
1661;1129;1;
1662;1096;1;
1663;1096;1;
1664;508;1;
1665;446;1;
1666;204;1;
1667;204;1;
1668;204;1;
1669;204;1;
1670;1129;1;
1671;1129;1;
1672;1005;1;
1673;1005;1;
1674;1180;1;
1675;887;1;
1676;488;1;
1677;488;1;
1678;488;1;
1679;547;1;
1680;547;1;
1681;107;1;
1682;107;1;
1683;1148;1;
1684;1148;1;
1685;1148;1;
1686;856;1;
1687;856;1;
1688;856;1;
1689;856;1;
1690;856;1;
1691;856;1;
1692;856;1;
1693;519;1;
1694;929;1;
1695;929;1;
1696;356;1;
1697;356;1;
1698;929;1;
1699;929;1;
1700;929;1;
1701;887;1;
1702;887;1;
1703;856;1;
1704;370;1;
1705;370;1;
1706;1022;1;
1707;1022;1;
1708;1022;1;
1709;79;1;
1710;79;1;
1711;79;1;
1712;79;1;
1713;56;1;
1714;56;1;
1715;56;1;
1716;983;5;
1717;983;5;
1718;82;1;
1719;82;1;
1720;82;1;
1721;82;1;
1722;232;1;
1723;232;1;
1724;482;1;
1725;482;1;
1726;983;5;
1727;983;5;
1728;983;5;
1729;983;5;
1730;983;5;
1731;983;5;
1732;1164;1;
1733;27;1;
1734;27;1;
1735;870;1;
1736;841;1;
1737;870;1;
1738;841;1;
1739;841;1;
1740;887;1;
1741;841;1;
1742;841;1;
1743;870;1;
1744;870;1;
1745;256;1;
1746;449;1;
1747;465;1;
1748;870;1;
1749;841;1;
1750;841;1;
1751;402;1;
1752;1092;1;
1753;209;1;
1754;209;1;
1755;209;1;
1756;209;1;
1757;209;1;
1758;209;1;
1759;870;1;
1760;841;1;
1761;841;1;
1762;870;1;
1763;841;1;
1764;841;1;
1765;841;1;
1766;841;1;
1767;841;1;
1768;841;1;
1769;263;1;
1770;263;1;
1771;263;1;
1772;266;1;
1773;266;1;
1774;266;1;
1775;266;1;
1776;266;1;
1777;266;1;
1778;266;1;
1779;266;1;
1780;139;1;
1781;275;1;
1782;275;1;
1783;275;1;
1784;275;1;
1785;275;1;
1786;121;1;
1787;306;1;
1788;306;1;
1789;306;1;
1790;206;1;
1791;139;1;
1792;518;1;
1793;518;1;
1794;3;1;
1795;141;1;
1796;133;1;
1797;325;1;
1798;325;1;
1799;325;1;
1800;472;1;
1801;64;1;
1802;64;1;
1803;215;1;
1804;709;1;
1805;709;1;
1806;179;1;
1807;1022;1;
1808;1022;1;
1809;1022;1;
1810;1022;1;
1811;1022;1;
1812;1022;1;
1813;977;1;
1814;231;1;
1815;231;1;
1816;929;1;
1817;842;1;
1818;842;1;
1819;869;1;
1820;865;1;
1821;865;1;
1822;841;1;
1823;857;1;
1824;857;1;
1825;925;1;
1826;1152;1;
1827;869;1;
1828;869;1;
1829;850;1;
1830;850;1;
1831;869;1;
1832;850;1;
1833;860;1;
1834;422;1;
1835;1025;1;
1836;1025;1;
1837;1025;1;
1838;1025;1;
1839;1025;1;
1840;1025;1;
1841;955;1;
1842;955;1;
1843;214;1;
1844;956;1;
1845;956;1;
1846;956;1;
1847;956;1;
1848;956;1;
1849;956;1;
1850;956;1;
1851;214;1;
1852;961;1;
1853;961;1;
1854;1129;1;
1855;107;1;
1856;930;1;
1857;1169;1;
1858;1169;1;
1859;440;1;
1860;440;1;
1861;1231;1;
1862;1231;1;
1863;1231;1;
1864;1129;1;
1865;1129;1;
1866;709;1;
1867;709;1;
1868;709;1;
1869;709;1;
1870;709;1;
1871;709;1;
1872;709;1;
1873;251;1;
1874;251;1;
1875;712;1;
1876;712;1;
1877;712;1;
1878;1022;1;
1879;1022;1;
1880;1022;1;
1881;1022;1;
1882;1022;1;
1883;1114;1;
1884;1114;1;
1885;142;1;
1886;90;1;
1887;90;1;
1888;90;1;
1889;90;1;
1890;90;1;
1891;90;1;
1892;90;1;
1893;90;1;
1894;90;1;
1895;90;1;
1896;84;1;
1897;84;1;
1898;84;1;
1899;84;1;
1900;84;1;
1901;84;1;
1902;183;1;
1903;183;1;
1904;183;1;
1905;1111;1;
1906;448;1;
1907;448;1;
1908;831;1;
1909;831;1;
1910;831;1;
1911;1066;1;
1912;45;1;
1913;1012;1;
1914;1012;1;
1915;1012;1;
1916;1012;1;
1917;550;1;
1918;550;1;
1919;550;1;
1920;550;1;
1921;550;1;
1922;1025;1;
1923;1025;1;
1924;1169;1;
1925;1169;1;
1926;1181;1;
1927;600;1;
1928;600;1;
1929;48;1;
1930;464;1;
1931;855;1;
1932;919;2;
1933;919;2;
1934;919;2;
1935;919;2;
1936;919;2;
1937;23;1;
1938;23;1;
1939;504;1;
1940;1012;1;
1941;1012;1;
1942;1012;1;
1943;1012;1;
1944;1012;1;
1945;1012;1;
1946;577;1;
1947;90;1;
1948;90;1;
1949;90;1;
1950;877;1;
1951;51;1;
1952;51;1;
1953;51;1;
1954;1229;1;
1955;708;1;
1956;708;1;
1957;708;1;
1958;708;1;
1959;1025;1;
1960;1025;1;
1961;1025;1;
1962;1025;1;
1963;1025;1;
1964;1025;1;
1965;1025;1;
1966;1026;1;
1967;1026;1;
1968;1026;1;
1969;1026;1;
1970;1026;1;
1971;487;1;
1972;141;1;
1973;141;1;
1974;141;1;
1975;141;1;
1976;385;1;
1977;385;1;
1978;385;1;
1979;385;1;
1980;385;1;
1981;385;1;
1982;590;1;
1983;842;1;
1984;842;1;
1985;842;1;
1986;1011;1;
1987;639;1;
1988;865;1;
1989;385;1;
1990;385;1;
1991;217;1;
1992;1153;1;
1993;113;1;
1994;120;1;
1995;1009;1;
1996;1009;1;
1997;1009;1;
1998;146;1;
1999;82;1;
2000;82;1;
2001;82;1;
2002;82;1;
2003;82;1;
2004;698;1;
2005;172;1;
2006;570;1;
2007;568;1;
2008;568;1;
2009;304;1;
2010;304;1;
2011;311;1;
2012;311;1;
2013;1065;1;
2014;1065;1;
2015;25;1;
2016;345;1;
2017;856;1;
2018;856;1;
2019;873;1;
2020;129;1;
2021;952;1;
2022;952;1;
2023;952;1;
2024;952;1;
2025;103;1;
2026;103;1;
2027;870;1;
2028;415;1;
2029;781;1;
2030;781;1;
2031;154;1;
2032;154;1;
2033;454;1;
2034;482;1;
2035;498;1;
2036;384;1;
2037;384;1;
2038;384;1;
2039;397;1;
2040;721;1;
2041;721;1;
2042;721;1;
2043;1178;1;
2044;1178;1;
2045;1230;1;
2046;1230;1;
2047;1230;1;
2048;1118;1;
2049;1118;1;
2050;1118;1;
2051;1178;1;
2052;39;1;
2053;36;1;
2054;36;1;
2055;37;1;
2056;37;1;
2057;37;1;
2058;912;1;
2059;163;3;
2060;163;3;
2061;33;1;
2062;491;1;
2063;491;1;
2064;835;1;
2065;278;1;
2066;278;1;
2067;278;1;
2068;288;1;
2069;820;1;
2070;820;1;
2071;820;1;
2072;564;1;
2073;564;1;
2074;564;1;
2075;564;1;
2076;564;1;
2077;50;1;
2078;840;1;
2079;840;1;
2080;680;1;
2081;680;1;
2082;680;1;
2083;300;1;
2084;1208;1;
2085;1208;1;
2086;1208;1;
2087;554;1;
2088;554;1;
2089;554;1;
2090;554;1;
2091;554;1;
2092;1155;1;
2093;640;1;
2094;640;1;
2095;56;1;
2096;669;1;
2097;669;1;
2098;300;1;
2099;202;1;
2100;136;1;
2101;136;1;
2102;136;1;
2103;136;1;
2104;60;1;
2105;818;1;
2106;961;1;
2107;961;1;
2108;940;1;
2109;940;1;
2110;949;1;
2111;714;1;
2112;714;1;
2113;714;1;
2114;714;1;
2115;949;1;
2116;949;1;
2117;949;1;
2118;940;1;
2119;629;1;
2120;629;1;
2121;949;1;
2122;949;1;
2123;949;1;
2124;949;1;
2125;949;1;
2126;949;1;
2127;949;1;
2128;949;1;
2129;949;1;
2130;240;1;
2131;183;1;
2132;183;1;
2133;183;1;
2134;183;1;
2135;183;1;
2136;183;1;
2137;183;1;
2138;183;1;
2139;183;1;
2140;1190;1;
2141;183;1;
2142;183;1;
2143;183;1;
2144;559;1;
2145;559;1;
2146;559;1;
2147;559;1;
2148;557;1;
2149;557;1;
2150;553;1;
2151;553;1;
2152;553;1;
2153;608;1;
2154;14;1;
2155;724;1;
2156;724;1;
2157;56;1;
2158;56;1;
2159;1107;1;
2160;1107;1;
2161;1107;1;
2162;931;1;
2163;403;1;
2164;407;1;
2165;775;1;
2166;453;1;
2167;740;1;
2168;740;1;
2169;740;1;
2170;837;1;
2171;14;1;
2172;18;1;
2173;1002;1;
2174;1002;1;
2175;1129;1;
2176;1002;1;
2177;1002;1;
2178;1002;1;
2179;1002;1;
2180;875;1;
2181;261;1;
2182;18;1;
2183;842;1;
2184;842;1;
2185;842;1;
2186;842;1;
2187;842;1;
2188;18;1;
2189;18;1;
2190;18;1;
2191;1002;1;
2192;1002;1;
2193;1002;1;
2194;1002;1;
2195;1002;1;
2196;1002;1;
2197;768;1;
2198;458;1;
2199;457;1;
2200;964;1;
2201;887;1;
2202;842;1;
2203;842;1;
2204;887;1;
2205;707;1;
2206;707;1;
2207;707;1;
2208;842;1;
2209;887;1;
2210;404;1;
2211;378;1;
2212;378;1;
2213;527;1;
2214;527;1;
2215;527;1;
2216;527;1;
2217;527;1;
2218;527;1;
2219;631;1;
2220;948;1;
2221;948;1;
2222;948;1;
2223;948;1;
2224;110;1;
2225;110;1;
2226;110;1;
2227;110;1;
2228;110;1;
2229;110;1;
2230;484;1;
2231;696;1;
2232;1107;1;
2233;1107;1;
2234;1107;1;
2235;430;1;
2236;319;1;
2237;319;1;
2238;319;1;
2239;950;1;
2240;354;1;
2241;354;1;
2242;351;1;
2243;351;1;
2244;1023;1;
2245;1023;1;
2246;1023;1;
2255;385;1;
2256;385;1;
2257;790;1;
2258;318;1;
2259;318;1;
2260;1208;1;
2261;1208;1;
2262;1208;1;
2263;1143;1;
2264;351;1;
2265;351;1;
2266;418;1;
2267;418;1;
2268;1102;1;
2269;1102;1;
2270;497;1;
2271;1073;1;
2272;1073;1;
2273;654;1;
2274;1176;1;
2275;1187;1;
2276;335;1;
2277;333;1;
2278;333;1;
2279;127;1;
2280;163;3;
2281;163;3;
2282;588;1;
2283;588;1;
2284;163;3;
2285;10;1;
2286;10;1;
2287;10;1;
2288;10;1;
2289;1042;1;
2290;621;1;
2291;163;3;
2292;163;3;
2293;3;1;
2294;3;1;
2295;3;1;
2296;3;1;
2297;785;1;
2298;867;1;
2299;1217;1;
2300;1217;1;
2301;1001;1;
2302;1208;1;
2303;1208;1;
2304;1208;1;
2305;164;3;
2306;1128;1;
2307;866;1;
2308;846;1;
2309;789;1;
2310;1121;1;
2311;357;1;
2312;329;1;
2313;1108;5;
2314;1114;1;
2315;1114;1;
2316;170;1;
2317;172;1;
2318;172;1;
2319;172;1;
2320;172;1;
2321;1208;1;
2322;1208;1;
2323;1208;1;
2324;1208;1;
2325;1208;1;
2326;1208;1;
2327;173;1;
2328;1207;1;
2329;1207;1;
2330;169;1;
2331;177;1;
2332;178;1;
2333;172;1;
2334;175;1;
2335;172;1;
2336;1208;1;
2337;1208;1;
2338;1208;1;
2339;67;1;
2340;841;1;
2341;1128;1;
2342;1128;1;
2343;1128;1;
2344;1128;1;
2345;815;1;
2346;815;1;
2347;815;1;
2348;815;1;
2349;43;1;
2350;1096;1;
2351;561;1;
2352;561;1;
2353;561;1;
2354;561;1;
2355;1045;1;
2356;594;1;
2357;594;1;
2358;1043;1;
2359;1043;1;
2360;526;1;
2361;526;1;
2362;1151;1;
2363;1151;1;
2364;656;4;
2365;656;4;
2366;51;1;
2367;51;1;
2368;865;1;
2369;865;1;
2370;1083;1;
2371;1083;1;
2372;1083;1;
2373;1061;1;
2374;1061;1;
2375;1083;1;
2376;1083;1;
2377;1083;1;
2378;1083;1;
2379;1083;1;
2380;1083;1;
2381;500;1;
2382;500;1;
2383;500;1;
2384;585;1;
2385;585;1;
2386;586;1;
2387;586;1;
2388;971;1;
2389;971;1;
2390;236;1;
2391;602;1;
2392;602;1;
2393;602;1;
2394;602;1;
2395;1072;1;
2396;1072;1;
2397;1072;1;
2398;695;1;
2399;236;1;
2400;236;1;
2401;1104;1;
2402;602;1;
2403;602;1;
2404;1184;1;
2405;1151;1;
2406;698;1;
2407;698;1;
2408;1184;1;
2409;236;1;
2410;236;1;
2411;1068;1;
2412;1068;1;
2413;698;1;
2414;1204;1;
2415;602;1;
2416;602;1;
2417;602;1;
2418;602;1;
2419;602;1;
2420;602;1;
2421;602;1;
2422;602;1;
2423;602;1;
2424;1151;1;
2425;182;1;
2426;1215;1;
2427;181;1;
2428;815;1;
2429;1073;1;
2430;1074;1;
2431;1073;1;
2432;1073;1;
2433;1073;1;
2434;1073;1;
2435;559;1;
2436;559;1;
2437;533;1;
2438;853;1;
2439;98;1;
2440;893;1;
2441;897;1;
2442;897;1;
2443;1213;1;
2444;597;1;
2445;597;1;
2446;1074;1;
2447;1074;1;
2448;475;1;
2449;475;1;
2450;1070;1;
2451;1074;1;
2452;792;1;
2453;792;1;
2454;189;1;
2455;189;1;
2456;189;1;
2457;189;1;
2458;189;1;
2459;189;1;
2460;872;1;
2461;872;1;
2462;189;1;
2463;189;1;
2464;189;1;
2465;189;1;
2466;1208;1;
2467;1208;1;
2468;1208;1;
2469;369;1;
2470;394;1;
2471;369;1;
2472;369;1;
2473;593;1;
2474;393;1;
2475;369;1;
2476;1135;1;
2477;369;1;
2478;369;1;
2479;394;1;
2480;1135;1;
2481;344;1;
2482;344;1;
2483;914;1;
2484;914;1;
2485;564;1;
2486;1191;1;
2487;997;1;
2488;997;1;
2489;351;1;
2490;351;1;
2491;602;1;
2492;602;1;
2493;604;1;
2494;606;1;
2495;606;1;
2496;601;1;
2497;344;1;
2498;54;1;
2499;603;1;
2500;603;1;
2501;603;1;
2502;399;1;
2503;399;1;
2504;237;1;
2505;237;1;
2506;237;1;
2507;369;1;
2508;1135;1;
2509;369;1;
2510;369;1;
2511;948;1;
2512;948;1;
2513;948;1;
2514;948;1;
2515;948;1;
2516;948;1;
2517;948;1;
2518;948;1;
2519;948;1;
2520;948;1;
2521;948;1;
2522;948;1;
2523;1232;1;
2524;1232;1;
2525;1232;1;
2526;1232;1;
2527;1232;1;
2528;1232;1;
2529;1235;1;
2530;1235;1;
2531;1235;1;
2532;951;5;
2533;951;5;
2534;951;5;
2535;951;5;
2536;92;1;
2537;92;1;
2538;86;1;
2539;86;1;
2540;86;1;
2541;86;1;
2542;878;1;
2543;878;1;
2544;656;4;
2545;656;4;
2546;656;4;
2547;1169;1;
2548;675;1;
2549;15;1;
2550;15;1;
2551;7;1;
2552;7;1;
2553;7;1;
2554;22;1;
2555;22;1;
2556;10;1;
2557;22;1;
2558;22;1;
2559;22;1;
2560;22;1;
2561;22;1;
2562;22;1;
2563;22;1;
2564;22;1;
2565;1113;1;
2566;731;1;
2567;187;1;
2568;699;1;
2569;699;1;
2570;699;1;
2571;699;1;
2572;699;1;
2573;699;1;
2574;699;1;
2575;699;1;
2576;1133;1;
2577;18;1;
2578;656;4;
2579;525;1;
2580;582;1;
2581;582;1;
2582;506;1;
2583;506;1;
2584;582;1;
2585;582;1;
2586;582;1;
2587;582;1;
2588;582;1;
2589;1196;1;
2590;1196;1;
2591;582;1;
2592;582;1;
2593;582;1;
2594;649;1;
2595;3;1;
2596;3;1;
2597;3;1;
2598;3;1;
2599;929;1;
2600;929;1;
2601;927;1;
2602;927;1;
2603;928;1;
2604;929;1;
2605;929;1;
2606;951;5;
2607;951;5;
2608;951;5;
2609;951;5;
2610;869;1;
2611;869;1;
2612;366;1;
2613;699;1;
2614;699;1;
2615;447;1;
2616;1027;1;
2617;748;1;
2618;748;1;
2619;748;1;
2620;24;1;
2621;24;1;
2622;24;1;
2623;24;1;
2624;79;1;
2625;76;1;
2626;80;1;
2627;90;1;
2628;90;1;
2629;90;1;
2630;90;1;
2631;90;1;
2632;90;1;
2633;84;1;
2634;84;1;
2635;84;1;
2636;79;1;
2637;79;1;
2638;83;1;
2639;83;1;
2640;83;1;
2641;83;1;
2642;79;1;
2643;79;1;
2644;53;1;
2645;53;1;
2646;738;1;
2647;738;1;
2648;738;1;
2649;738;1;
2650;738;1;
2651;738;1;
2652;1161;1;
2653;532;1;
2654;89;1;
2655;89;1;
2656;89;1;
2657;89;1;
2658;79;1;
2659;79;1;
2660;79;1;
2661;81;1;
2662;81;1;
2663;79;1;
2664;79;1;
2665;79;1;
2666;79;1;
2667;206;1;
2668;203;1;
2669;509;1;
2670;88;1;
2671;88;1;
2672;50;1;
2673;476;1;
2674;476;1;
2675;476;1;
2676;476;1;
2677;476;1;
2678;476;1;
2679;783;1;
2680;286;1;
2681;286;1;
2682;286;1;
2683;895;1;
2684;806;4;
2685;37;1;
2686;37;1;
2687;37;1;
2688;37;1;
2689;37;1;
2690;793;1;
2691;37;1;
2692;37;1;
2693;1200;1;
2694;1200;1;
2695;857;1;
2696;929;1;
2697;929;1;
2698;929;1;
2699;929;1;
2700;928;1;
2701;928;1;
2702;117;1;
2703;117;1;
2704;856;1;
2705;482;1;
2706;423;1;
2707;429;1;
2708;174;1;
2709;176;1;
2710;459;1;
2711;429;1;
2712;429;1;
2713;430;1;
2714;430;1;
2715;174;1;
2716;426;1;
2717;427;1;
2718;976;1;
2719;976;1;
2720;976;1;
2721;976;1;
2722;976;1;
2723;976;1;
2724;976;1;
2725;976;1;
2726;976;1;
2727;166;3;
2728;166;3;
2729;160;4;
2730;160;4;
2731;160;4;
2732;163;3;
2733;495;1;
2734;495;1;
2735;495;1;
2736;495;1;
2737;642;1;
2738;670;1;
2739;669;1;
2740;633;1;
2741;633;1;
2742;3;1;
2743;3;1;
2744;16;1;
2745;20;1;
2746;163;3;
2747;163;3;
2748;658;4;
2749;658;4;
2750;633;1;
2751;633;1;
2752;633;1;
2753;135;1;
2754;189;1;
2755;189;1;
2756;658;4;
2757;658;4;
2758;55;1;
2759;55;1;
2760;632;1;
2761;723;1;
2762;679;1;
2763;660;1;
2764;138;1;
2765;138;1;
2766;138;1;
2767;138;1;
2768;111;1;
2769;310;1;
2770;310;1;
2771;310;1;
2772;317;1;
2773;317;1;
2774;317;1;
2775;317;1;
2776;317;1;
2777;991;1;
2778;377;1;
2779;377;1;
2780;598;1;
2781;249;1;
2782;249;1;
2783;1122;1;
2784;1122;1;
2785;1122;1;
2786;1122;1;
2787;645;1;
2788;631;1;
2789;683;1;
2790;683;1;
2791;683;1;
2792;683;1;
2793;683;1;
2794;683;1;
2795;70;1;
2796;70;1;
2797;70;1;
2798;75;1;
2799;75;1;
2800;75;1;
2801;75;1;
2802;185;4;
2803;185;4;
2804;185;4;
2805;185;4;
2806;185;4;
2807;185;4;
2808;185;4;
2809;185;4;
2810;185;4;
2811;506;1;
2812;506;1;
2813;506;1;
2823;69;1;
2824;69;1;
2825;769;1;
2826;767;1;
2827;525;1;
2828;658;4;
2829;658;4;
2830;230;1;
2831;657;4;
2832;501;1;
2833;311;1;
2834;311;1;
2835;311;1;
2836;193;1;
2837;193;1;
2838;614;1;
2839;614;1;
2840;894;1;
2841;894;1;
2842;850;1;
2843;869;1;
2844;850;1;
2845;857;1;
2846;857;1;
2847;850;1;
2848;850;1;
2849;857;1;
2850;208;1;
2851;715;1;
2852;715;1;
2853;715;1;
2854;715;1;
2855;1021;1;
2856;1021;1;
2857;547;1;
2858;547;1;
2859;557;1;
2860;557;1;
2861;559;1;
2862;559;1;
2863;559;1;
2864;559;1;
2865;559;1;
2866;559;1;
2867;558;1;
2868;558;1;
2869;553;1;
2870;553;1;
2871;553;1;
2872;553;1;
2873;553;1;
2874;553;1;
2875;656;4;
2876;656;4;
2877;981;1;
2878;981;1;
2879;981;1;
2880;981;1;
2881;981;1;
2882;828;1;
2883;1055;1;
2884;1055;1;
2885;1055;1;
2886;143;1;
2887;143;1;
2888;738;1;
2889;738;1;
2890;738;1;
2891;738;1;
2892;738;1;
2893;738;1;
2894;738;1;
2895;738;1;
2896;738;1;
2897;738;1;
2898;756;1;
2899;756;1;
2900;368;1;
2901;932;1;
2902;932;1;
2903;932;1;
2904;166;3;
2905;166;3;
2906;165;3;
2907;165;3;
2908;657;4;
2909;838;1;
2910;838;1;
2911;838;1;
2912;838;1;
2913;989;5;
2914;392;1;
2915;833;1;
2916;833;1;
2917;833;1;
2918;554;1;
2919;554;1;
2920;575;1;
2921;101;1;
2922;236;1;
2923;1132;1;
2924;1132;1;
2925;1121;1;
2926;562;1;
2927;562;1;
2928;562;1;
2929;562;1;
2930;562;1;
2931;1082;1;
2932;1082;1;
2933;1082;1;
2934;1060;1;
2935;1082;1;
2936;519;1;
2937;1154;1;
2938;284;1;
2939;284;1;
2940;284;1;
2941;284;1;
2942;284;1;
2943;284;1;
2944;294;1;
2945;294;1;
2946;751;1;
2947;751;1;
2948;751;1;
2949;751;1;
2950;137;1;
2951;137;1;
2952;137;1;
2953;994;1;
2954;994;1;
2955;240;1;
2956;79;1;
2957;73;1;
2958;638;1;
2959;850;1;
2960;850;1;
2961;656;4;
2962;656;4;
2963;570;1;
2964;982;1;
2965;982;1;
2966;982;1;
2967;1226;1;
2968;1226;1;
2969;1226;1;
2970;1226;1;
2971;1226;1;
2972;1226;1;
2973;1226;1;
2974;1226;1;
2975;1226;1;
2976;1226;1;
2977;1226;1;
2978;1222;1;
2979;1222;1;
2980;1222;1;
2981;1222;1;
2982;1160;1;
2983;1077;1;
2984;1077;1;
2985;1085;1;
2986;1077;1;
2987;1077;1;
2988;368;1;
2989;307;1;
2990;307;1;
2991;314;1;
2992;314;1;
2993;307;1;
2994;307;1;
2995;320;1;
2996;320;1;
2997;320;1;
2998;739;1;
2999;770;1;
3000;770;1;
3001;770;1;
3002;770;1;
3003;770;1;
3004;770;1;
3005;770;1;
3006;770;1;
3007;770;1;
3008;770;1;
3009;651;1;
3010;204;1;
3011;204;1;
3012;188;1;
3013;188;1;
3014;194;1;
3015;194;1;
3016;204;1;
3017;204;1;
3018;204;1;
3019;204;1;
3020;194;1;
3021;194;1;
3022;204;1;
3023;204;1;
3024;204;1;
3025;204;1;
3026;274;1;
3027;274;1;
3028;274;1;
3029;274;1;
3030;222;1;
3031;222;1;
3032;221;1;
3033;221;1;
3034;221;1;
3035;221;1;
3036;204;1;
3037;204;1;
3038;194;1;
3039;204;1;
3040;204;1;
3041;194;1;
3042;194;1;
3043;194;1;
3044;194;1;
3045;194;1;
3046;404;1;
3047;615;1;
3048;603;1;
3049;603;1;
3050;603;1;
3051;603;1;
3052;603;1;
3053;603;1;
3054;194;1;
3055;194;1;
3056;204;1;
3057;204;1;
3058;204;1;
3059;204;1;
3060;194;1;
3061;194;1;
3062;194;1;
3063;194;1;
3064;194;1;
3065;194;1;
3066;193;1;
3067;193;1;
3068;204;1;
3069;204;1;
3070;194;1;
3071;194;1;
3072;194;1;
3073;194;1;
3074;194;1;
3075;194;1;
3076;194;1;
3077;194;1;
3078;194;1;
3079;194;1;
3080;194;1;
3081;194;1;
3082;194;1;
3083;194;1;
3084;194;1;
3085;201;1;
3086;201;1;
3087;201;1;
3088;201;1;
3089;201;1;
3090;201;1;
3091;201;1;
3092;201;1;
3093;201;1;
3094;201;1;
3095;201;1;
3096;201;1;
3097;201;1;
3098;201;1;
3099;201;1;
3100;196;1;
3101;196;1;
3102;196;1;
3103;196;1;
3104;752;1;
3105;752;1;
3106;752;1;
3107;752;1;
3108;85;1;
3109;85;1;
3110;85;1;
3111;91;1;
3112;99;1;
3113;99;1;
3114;706;1;
3115;494;1;
3116;494;1;
3117;913;1;
3118;912;1;
3119;210;1;
3120;210;1;
3121;210;1;
3122;913;1;
3123;909;1;
3124;710;1;
3125;242;1;
3126;242;1;
3127;815;1;
3128;916;2;
3129;51;1;
3130;51;1;
3131;192;1;
3132;192;1;
3133;192;1;
3134;192;1;
3135;192;1;
3136;730;1;
3137;730;1;
3138;647;1;
3139;841;1;
3140;116;1;
3141;1062;1;
3142;359;1;
3143;201;1;
3144;201;1;
3145;201;1;
3146;201;1;
3147;191;1;
3148;191;1;
3149;191;1;
3150;191;1;
3151;191;1;
3152;191;1;
3153;191;1;
3154;201;1;
3155;201;1;
3156;201;1;
3157;201;1;
3158;700;1;
3159;700;1;
3160;277;1;
3161;277;1;
3162;277;1;
3163;942;1;
3164;942;1;
3165;942;1;
3166;942;1;
3167;942;1;
3168;942;1;
3169;942;1;
3170;260;1;
3171;260;1;
3172;231;1;
3173;231;1;
3174;139;1;
3175;139;1;
3176;307;1;
3177;307;1;
3178;307;1;
3179;314;1;
3180;314;1;
3181;314;1;
3182;976;1;
3183;976;1;
3184;976;1;
3185;976;1;
3186;976;1;
3187;572;1;
3188;572;1;
3189;572;1;
3190;36;1;
3191;36;1;
3192;381;1;
3193;524;1;
3194;1;1;
3195;486;1;
3196;949;1;
3197;949;1;
3198;949;1;
3199;949;1;
3200;949;1;
3201;949;1;
3202;949;1;
3203;1127;1;
3204;1127;1;
3205;905;5;
3206;873;1;
3207;856;1;
3208;856;1;
3209;856;1;
3210;976;1;
3211;976;1;
3212;976;1;
3213;976;1;
3214;976;1;
3215;976;1;
3216;976;1;
3217;976;1;
3218;976;1;
3219;976;1;
3220;976;1;
3221;976;1;
3222;976;1;
3223;976;1;
3224;976;1;
3225;976;1;
3226;976;1;
3227;976;1;
3228;340;1;
3229;340;1;
3230;340;1;
3231;428;1;
3232;976;1;
3233;976;1;
3234;976;1;
3235;976;1;
3236;976;1;
3237;976;1;
3238;976;1;
3239;976;1;
3240;885;1;
3241;733;1;
3242;489;1;
3243;489;1;
3244;656;4;
3245;656;4;
3246;656;4;
3247;656;4;
3248;656;4;
3249;575;1;
3250;575;1;
3251;575;1;
3252;575;1;
3253;575;1;
3254;575;1;
3255;575;1;
3256;575;1;
3257;575;1;
3258;575;1;
3259;549;1;
3260;549;1;
3261;549;1;
3262;549;1;
3263;549;1;
3264;549;1;
3265;549;1;
3266;549;1;
3267;549;1;
3268;549;1;
3269;549;1;
3270;549;1;
3271;549;1;
3272;549;1;
3273;549;1;
3274;549;1;
3275;549;1;
3276;549;1;
3277;549;1;
3278;549;1;
3279;549;1;
3280;549;1;
3281;549;1;
3282;549;1;
3283;444;1;
3284;578;1;
3285;578;1;
3286;578;1;
3287;578;1;
3288;468;1;
3289;31;5;
3290;389;1;
3291;389;1;
3292;3;1;
3293;480;1;
3294;3;1;
3295;3;1;
3296;3;1;
3297;3;1;
3298;618;1;
3299;384;1;
3300;384;1;
3301;384;1;
3302;163;3;
3303;163;3;
3304;163;3;
3305;163;3;
3306;163;3;
3307;163;3;
3308;330;1;
3309;592;1;
3310;592;1;
3311;592;1;
3312;326;1;
3313;890;1;
3314;173;1;
3315;1012;1;
3316;1012;1;
3317;6;1;
3318;6;1;
3319;159;1;
3320;159;1;
3321;340;1;
3322;489;1;
3323;489;1;
3324;1049;1;
3325;1049;1;
3326;278;1;
3327;278;1;
3328;288;1;
3329;1221;1;
3330;1221;1;
3331;1221;1;
3332;1221;1;
3333;1221;1;
3334;135;1;
3335;697;1;
3336;697;1;
3337;519;1;
3338;519;1;
3339;67;1;
3340;67;1;
3341;1110;1;
3342;1110;1;
3343;1110;1;
3344;879;1;
3345;879;1;
3346;133;1;
3347;1053;1;
3348;1053;1;
3349;1053;1;
3350;1054;1;
3351;777;1;
3352;37;1;
3353;37;1;
3354;37;1;
3355;37;1;
3356;37;1;
3357;37;1;
3358;37;1;
3359;37;1;
3360;37;1;
3361;37;1;
3362;37;1;
3363;271;1;
3364;48;1;
3365;191;1;
3366;191;1;
3367;191;1;
3368;191;1;
3369;191;1;
3370;191;1;
3371;191;1;
3372;201;1;
3373;201;1;
3374;201;1;
3375;201;1;
3376;201;1;
3377;193;1;
3378;193;1;
3379;194;1;
3380;194;1;
3381;43;1;
3382;193;1;
3383;193;1;
3384;193;1;
3385;193;1;
3386;193;1;
3387;193;1;
3388;193;1;
3389;193;1;
3390;193;1;
3391;193;1;
3392;193;1;
3393;193;1;
3394;193;1;
3395;193;1;
3396;193;1;
3397;193;1;
3398;193;1;
3399;193;1;
3400;1210;1;
3401;946;1;
3402;946;1;
3403;946;1;
3404;946;1;
3405;946;1;
3406;347;1;
3407;347;1;
3408;347;1;
3409;353;1;
3410;353;1;
3411;347;1;
3412;896;1;
3413;16;1;
3414;16;1;
3415;16;1;
3416;16;1;
3417;16;1;
3418;16;1;
3419;16;1;
3420;16;1;
3421;76;1;
3422;693;1;
3423;16;1;
3424;16;1;
3425;16;1;
3426;965;1;
3427;965;1;
3428;541;1;
3429;541;1;
3430;541;1;
3431;541;1;
3432;541;1;
3433;541;1;
3434;575;1;
3435;995;1;
3436;995;1;
3437;237;1;
3438;237;1;
3439;707;1;
3440;1170;1;
3441;227;1;
3442;227;1;
3443;227;1;
3444;227;1;
3445;1112;1;
3446;49;1;
3447;949;1;
3448;586;1;
3449;1112;1;
3450;586;1;
3451;41;1;
3452;123;1;
3453;123;1;
3454;873;1;
3455;856;1;
3456;856;1;
3457;887;1;
3458;887;1;
3459;974;1;
3460;974;1;
3461;949;1;
3462;949;1;
3463;949;1;
3464;272;1;
3465;272;1;
3466;324;1;
3467;789;1;
3468;789;1;
3469;789;1;
3470;789;1;
3471;792;1;
3472;792;1;
3473;792;1;
3474;792;1;
3475;1215;1;
3476;681;1;
3477;766;1;
3478;772;1;
3479;684;1;
3480;684;1;
3481;949;1;
3482;949;1;
3483;949;1;
3484;949;1;
3485;949;1;
3486;77;1;
3487;949;1;
3488;949;1;
3489;949;1;
3490;949;1;
3491;949;1;
3492;445;1;
3493;445;1;
3494;949;1;
3495;1123;1;
3496;496;1;
3497;496;1;
3498;496;1;
3499;496;1;
3500;496;1;
3501;496;1;
3502;1096;1;
3503;1096;1;
3504;1096;1;
3505;1096;1;
3506;1145;1;
3507;586;1;
3508;586;1;
3509;586;1;
3510;1112;1;
3511;1112;1;
3512;1112;1;
3513;1112;1;
3514;1112;1;
3515;1112;1;
3516;527;1;
3517;527;1;
3518;527;1;
3519;527;1;
3520;527;1;
3521;527;1;
3522;527;1;
3523;527;1;
3524;527;1;
3525;527;1;
3526;527;1;
3527;527;1;
3528;1145;1;
3529;495;1;
3530;495;1;
3531;495;1;
3532;495;1;
3533;586;1;
3534;1219;1;
3535;52;1;
3536;913;1;
3537;210;1;
3538;909;1;
3539;912;1;
3540;912;1;
3541;495;1;
3542;495;1;
3543;495;1;
3544;495;1;
3545;430;1;
3546;599;1;
3547;909;1;
3548;579;1;
3549;599;1;
3550;599;1;
3551;599;1;
3552;579;1;
3553;579;1;
3554;721;1;
3555;721;1;
3556;883;1;
3557;329;1;
3558;329;1;
3559;329;1;
3560;1228;1;
3561;325;1;
3562;325;1;
3563;325;1;
3564;325;1;
3565;325;1;
3566;325;1;
3567;325;1;
3568;325;1;
3569;329;1;
3570;329;1;
3571;130;1;
3572;1191;1;
3573;1191;1;
3574;979;1;
3575;430;1;
3576;326;1;
3577;326;1;
3578;326;1;
3579;460;1;
3580;155;1;
3581;155;1;
3582;592;1;
3583;599;1;
3584;909;1;
3585;246;1;
3586;395;1;
3587;348;1;
3588;379;1;
3589;379;1;
3590;379;1;
3591;842;1;
3592;1012;1;
3593;1012;1;
3594;909;1;
3595;58;1;
3596;495;1;
3597;795;1;
3598;59;1;
3599;328;1;
3600;258;1;
3601;258;1;
3602;346;1;
3603;1096;1;
3604;1129;1;
3605;1129;1;
3606;1101;1;
3607;311;1;
3608;311;1;
3609;14;1;
3610;1002;1;
3611;1002;1;
3612;1136;1;
3613;1152;1;
3614;496;1;
3615;496;1;
3616;311;1;
3617;311;1;
3618;913;1;
3619;913;1;
3631;938;5;
3632;1000;1;
3633;1000;1;
3634;1000;1;
3635;463;1;
3636;478;1;
3637;1095;1;
3638;951;5;
3639;951;5;
3640;951;5;
3641;951;5;
3642;951;5;
3643;951;5;
3644;951;5;
3645;951;5;
3646;951;5;
3647;951;5;
3648;951;5;
3649;951;5;
3650;951;5;
3651;722;1;
3652;722;1;
3653;722;1;
3654;186;1;
3655;186;1;
3656;186;1;
3657;575;1;
3658;575;1;
3659;575;1;
3660;575;1;
3661;575;1;
3662;575;1;
3663;575;1;
3664;575;1;
3665;923;5;
3666;955;1;
3667;955;1;
3668;63;1;
3669;63;1;
3670;63;1;
3671;63;1;
3672;7;1;
3673;7;1;
3674;22;1;
3675;5;1;
3676;5;1;
3677;119;1;
3678;4;1;
3679;118;1;
3680;118;1;
3681;118;1;
3682;408;1;
3683;120;1;
3684;120;1;
3685;121;1;
3686;1068;1;
3687;1068;1;
3688;853;1;
3689;853;1;
3690;887;1;
3691;871;1;
3692;552;1;
3693;552;1;
3694;552;1;
3695;552;1;
3696;552;1;
3697;552;1;
3698;552;1;
3699;552;1;
3700;172;1;
3701;175;1;
3702;195;1;
3703;195;1;
3704;344;1;
3705;908;1;
3706;908;1;
3707;332;1;
3708;332;1;
3709;79;1;
3710;79;1;
3711;79;1;
3712;79;1;
3713;655;1;
3714;853;1;
3715;853;1;
3716;934;1;
3717;914;1;
3718;914;1;
3719;1148;1;
3720;1148;1;
3721;1148;1;
3722;1148;1;
3723;1068;1;
3724;1068;1;
3725;853;1;
3726;569;1;
3727;569;1;
3728;885;1;
3729;1128;1;
3730;1128;1;
3731;1204;1;
3732;1204;1;
3733;1067;1;
3734;1015;2;
3735;1015;2;
3736;1015;2;
3737;1015;2;
3738;1015;2;
3739;117;1;
3740;1095;1;
3741;1095;1;
3742;629;1;
3743;629;1;
3744;48;1;
3745;780;1;
3746;102;1;
3747;102;1;
3748;215;1;
3749;755;1;
3750;835;1;
3751;835;1;
3752;835;1;
3753;835;1;
3754;1026;1;
3755;1026;1;
3756;1026;1;
3757;1026;1;
3758;1026;1;
3759;1026;1;
3760;1026;1;
3761;1026;1;
3762;1026;1;
3763;849;1;
3764;849;1;
3765;849;1;
3766;849;1;
3767;1022;1;
3768;1022;1;
3769;661;1;
3770;578;1;
3771;578;1;
3772;474;1;
3773;474;1;
3774;474;1;
3775;474;1;
3776;1102;1;
3777;1102;1;
3778;661;1;
3779;804;1;
3780;258;1;
3781;977;1;
3782;977;1;
3783;474;1;
3784;474;1;
3785;569;1;
3786;569;1;
3787;569;1;
3788;569;1;
3789;569;1;
3790;692;1;
3791;468;1;
3792;1029;1;
3793;123;1;
3794;123;1;
3795;123;1;
3796;856;1;
3797;151;1;
3798;28;1;
3799;79;1;
3800;689;1;
3801;835;1;
3802;689;1;
3803;689;1;
3804;521;1;
3805;521;1;
3806;521;1;
3807;521;1;
3808;521;1;
3809;434;1;
3810;434;1;
3811;835;1;
3812;835;1;
3813;835;1;
3814;835;1;
3815;835;1;
3816;835;1;
3817;835;1;
3818;689;1;
3819;689;1;
3820;835;1;
3821;835;1;
3822;835;1;
3823;835;1;
3824;835;1;
3825;572;1;
3826;572;1;
3827;572;1;
3828;572;1;
3829;33;1;
3830;33;1;
3831;33;1;
3832;1053;1;
3833;1053;1;
3834;1053;1;
3835;594;1;
3836;28;1;
3837;28;1;
3838;28;1;
3839;1026;1;
3840;1026;1;
3841;1026;1;
3842;1026;1;
3843;1026;1;
3844;1026;1;
3845;1026;1;
3846;1026;1;
3847;384;1;
3848;384;1;
3849;384;1;
3850;350;1;
3851;534;1;
3852;617;1;
3853;309;1;
3854;316;1;
3855;346;1;
3856;445;1;
3857;52;1;
3858;52;1;
3859;487;1;
3860;487;1;
3861;487;1;
3862;687;1;
3863;687;1;
3864;988;5;
3865;988;5;
3866;988;5;
3867;988;5;
3868;1082;1;
3869;1082;1;
3870;936;1;
3871;936;1;
3872;583;1;
3873;583;1;
3874;349;1;
3875;349;1;
3876;353;1;
3877;430;1;
3878;424;1;
3879;54;1;
3880;218;1;
3881;535;1;
3882;535;1;
3883;535;1;
3884;928;1;
3885;928;1;
3886;929;1;
3887;928;1;
3888;508;1;
3889;508;1;
3890;508;1;
3891;508;1;
3892;928;1;
3893;928;1;
3894;929;1;
3895;416;1;
3896;416;1;
3897;416;1;
3898;416;1;
3899;1163;1;
3900;445;1;
3901;436;1;
3902;1006;1;
3903;1006;1;
3904;1000;1;
3905;1000;1;
3906;718;1;
3907;718;1;
3908;716;1;
3909;716;1;
3910;629;1;
3911;430;1;
3912;75;1;
3913;841;1;
3914;841;1;
3915;880;1;
3916;671;1;
3917;251;1;
3918;251;1;
3919;1016;1;
3920;1016;1;
3921;1016;1;
3922;1016;1;
3923;1016;1;
3924;1016;1;
3925;1016;1;
3926;1016;1;
3927;807;1;
3928;807;1;
3929;587;1;
3930;587;1;
3931;587;1;
3932;587;1;
3933;200;1;
3934;200;1;
3935;561;1;
3936;561;1;
3937;30;1;
3938;32;1;
3939;32;1;
3940;1062;1;
3941;384;1;
3942;384;1;
3943;384;1;
3944;397;1;
3945;1062;1;
3946;1062;1;
3947;1096;1;
3948;537;1;
3949;222;1;
3950;222;1;
3951;222;1;
3952;222;1;
3953;222;1;
3954;222;1;
3955;285;1;
3956;285;1;
3957;295;1;
3958;295;1;
3959;266;1;
3960;266;1;
3961;266;1;
3962;266;1;
3963;179;1;
3964;107;1;
3965;107;1;
3966;597;1;
3967;569;1;
3968;569;1;
3969;915;2;
3970;915;2;
3971;915;2;
3972;915;2;
3973;915;2;
3974;915;2;
3975;915;2;
3976;915;2;
3977;34;1;
3978;34;1;
3979;34;1;
3980;34;1;
3981;34;1;
3982;862;1;
3983;862;1;
3984;963;1;
3985;587;1;
3986;1146;1;
3987;1146;1;
3988;1157;1;
3989;587;1;
3990;587;1;
3991;587;1;
3992;805;1;
3993;539;1;
3994;1102;1;
3995;1102;1;
3996;1102;1;
3997;1102;1;
3998;1102;1;
3999;1102;1;
4000;1102;1;
4001;1102;1;
4002;1102;1;
4003;1102;1;
4004;1102;1;
4005;1102;1;
4006;1105;1;
4007;1105;1;
4008;1105;1;
4009;1102;1;
4010;1102;1;
4011;1104;1;
4012;1104;1;
4013;1104;1;
4014;1103;1;
4015;1103;1;
4016;1103;1;
4017;1102;1;
4018;1102;1;
4019;1102;1;
4020;929;1;
4021;1234;1;
4022;1234;1;
4023;1234;1;
4024;554;1;
4025;554;1;
4026;554;1;
4027;404;1;
4028;370;1;
4029;885;1;
4030;885;1;
4031;885;1;
4032;885;1;
4033;885;1;
4034;885;1;
4035;885;1;
4036;845;1;
4037;887;1;
4038;885;1;
4039;885;1;
4040;885;1;
4041;885;1;
4042;875;1;
4043;885;1;
4044;885;1;
4045;885;1;
4046;885;1;
4047;882;1;
4048;607;1;
4049;607;1;
4050;613;1;
4051;341;1;
4052;1175;1;
4053;495;1;
4054;495;1;
4055;495;1;
4056;807;1;
4057;807;1;
4058;446;1;
4059;939;1;
4060;939;1;
4061;1102;1;
4062;1102;1;
4063;1102;1;
4064;1102;1;
4065;408;1;
4066;101;1;
4067;656;4;
4068;656;4;
4069;868;1;
4070;851;1;
4071;851;1;
4072;851;1;
4073;851;1;
4074;868;1;
4075;1096;1;
4076;1063;1;
4077;1062;1;
4078;1057;1;
4079;1057;1;
4080;33;1;
4081;276;1;
4082;276;1;
4083;36;1;
4084;705;1;
4085;705;1;
4086;705;1;
4087;705;1;
4088;1058;1;
4089;1059;1;
4090;1062;1;
4091;1062;1;
4092;1063;1;
4093;455;1;
4094;631;1;
4095;123;1;
4096;594;1;
4097;201;1;
4098;201;1;
4099;201;1;
4100;201;1;
4101;201;1;
4102;201;1;
4103;201;1;
4104;201;1;
4105;201;1;
4106;201;1;
4107;201;1;
4108;201;1;
4109;201;1;
4110;201;1;
4111;1093;1;
4112;191;1;
4113;191;1;
4114;191;1;
4115;191;1;
4116;191;1;
4117;191;1;
4118;191;1;
4119;191;1;
4120;191;1;
4121;191;1;
4122;191;1;
4123;191;1;
4124;191;1;
4125;191;1;
4126;191;1;
4127;191;1;
4128;191;1;
4129;191;1;
4130;191;1;
4131;191;1;
4132;195;1;
4133;195;1;
4134;195;1;
4135;195;1;
4136;195;1;
4137;195;1;
4138;195;1;
4139;195;1;
4140;195;1;
4141;195;1;
4142;201;1;
4143;201;1;
4144;201;1;
4145;201;1;
4146;201;1;
4147;201;1;
4148;191;1;
4149;191;1;
4150;191;1;
4151;191;1;
4152;191;1;
4153;191;1;
4154;191;1;
4155;191;1;
4156;191;1;
4157;191;1;
4158;194;1;
4159;194;1;
4160;194;1;
4161;194;1;
4162;194;1;
4163;194;1;
4164;194;1;
4165;194;1;
4166;194;1;
4167;194;1;
4168;194;1;
4169;194;1;
4170;194;1;
4171;194;1;
4172;194;1;
4173;194;1;
4174;194;1;
4175;194;1;
4176;191;1;
4177;191;1;
4178;191;1;
4179;191;1;
4180;191;1;
4181;191;1;
4182;191;1;
4183;191;1;
4184;191;1;
4185;191;1;
4186;191;1;
4187;191;1;
4188;198;1;
4189;198;1;
4190;191;1;
4191;191;1;
4192;194;1;
4193;194;1;
4194;194;1;
4195;194;1;
4196;204;1;
4197;204;1;
4198;204;1;
4199;204;1;
4200;204;1;
4201;204;1;
4202;204;1;
4203;204;1;
4204;204;1;
4205;204;1;
4206;204;1;
4207;204;1;
4208;194;1;
4209;194;1;
4210;194;1;
4211;194;1;
4212;194;1;
4213;194;1;
4214;193;1;
4215;193;1;
4216;193;1;
4217;193;1;
4218;193;1;
4219;193;1;
4220;193;1;
4221;193;1;
4222;193;1;
4223;193;1;
4224;951;5;
4225;951;5;
4226;951;5;
4227;951;5;
4228;951;5;
4229;188;1;
4230;430;1;
4231;430;1;
4232;430;1;
4233;430;1;
4234;183;1;
4235;37;1;
4236;1028;1;
4237;367;1;
4238;367;1;
4239;948;1;
4240;948;1;
4241;392;1;
4242;948;1;
4243;948;1;
4244;948;1;
4245;948;1;
4246;948;1;
4247;983;5;
4248;964;1;
4249;853;1;
4250;1157;1;
4251;1157;1;
4252;1137;1;
4253;1137;1;
4254;949;1;
4255;949;1;
4256;949;1;
4257;949;1;
4258;949;1;
4259;949;1;
4260;949;1;
4261;949;1;
4262;949;1;
4263;794;1;
4264;792;1;
4265;792;1;
4266;951;5;
4267;951;5;
4268;951;5;
4269;951;5;
4270;948;1;
4271;948;1;
4272;948;1;
4273;948;1;
4274;948;1;
4275;710;1;
4276;559;1;
4277;559;1;
4278;559;1;
4279;1156;1;
4280;10;1;
4281;10;1;
4282;135;1;
4283;179;1;
4284;742;1;
4285;1012;1;
4286;1012;1;
4287;1012;1;
4288;1012;1;
4289;18;1;
4290;18;1;
4291;18;1;
4292;18;1;
4293;262;1;
4294;262;1;
4295;262;1;
4296;451;1;
4297;18;1;
4298;1095;1;
4299;331;1;
4300;331;1;
4301;331;1;
4302;346;1;
4303;346;1;
4304;346;1;
4305;1031;1;
4306;1031;1;
4307;1031;1;
4308;1031;1;
4309;1031;1;
4310;1031;1;
4311;1031;1;
4312;1031;1;
4313;1031;1;
4314;1031;1;
4315;1031;1;
4316;1031;1;
4317;1043;1;
4318;1043;1;
4319;1043;1;
4320;1043;1;
4321;430;1;
4322;269;1;
4323;876;1;
4324;876;1;
4325;872;1;
4326;872;1;
4327;862;1;
4328;661;1;
4329;872;1;
4330;862;1;
4331;872;1;
4332;887;1;
4333;270;1;
4334;270;1;
4335;268;1;
4336;778;1;
4337;778;1;
4338;778;1;
4339;54;1;
4340;266;1;
4341;266;1;
4342;266;1;
4343;266;1;
4344;399;1;
4345;220;1;
4346;220;1;
4347;220;1;
4348;220;1;
4349;220;1;
4350;220;1;
4351;220;1;
4352;220;1;
4353;220;1;
4354;340;1;
4355;340;1;
4356;368;1;
4357;784;1;
4358;165;3;
4359;1020;1;
4360;1020;1;
4361;1020;1;
4362;964;1;
4363;1209;1;
4364;506;1;
4365;506;1;
4366;506;1;
4367;266;1;
4368;266;1;
4369;266;1;
4370;266;1;
4371;968;1;
4372;968;1;
4373;968;1;
4374;968;1;
4375;968;1;
4376;968;1;
4377;968;1;
4378;968;1;
4379;973;1;
4380;180;1;
4381;1020;1;
4382;441;1;
4383;1198;1;
4384;259;1;
4385;259;1;
4386;266;1;
4387;266;1;
4388;266;1;
4389;266;1;
4390;626;1;
4391;25;1;
4392;1095;1;
4393;1095;1;
4394;1095;1;
4395;1095;1;
4396;1095;1;
4397;1095;1;
4398;1095;1;
4399;1095;1;
4400;1110;1;
4401;1110;1;
4402;1110;1;
4403;927;1;
4404;927;1;
4405;927;1;
4406;927;1;
4407;1191;1;
4408;163;3;
4409;163;3;
4410;163;3;
4411;163;3;
4412;163;3;
4413;75;1;
4414;75;1;
4415;75;1;
4416;75;1;
4417;100;1;
4418;100;1;
4419;100;1;
4420;927;1;
4421;71;1;
4422;71;1;
4423;559;1;
4424;559;1;
4425;559;1;
4426;559;1;
4427;167;3;
4428;167;3;
4429;167;3;
4430;167;3;
4431;430;1;
4432;605;1;
4433;605;1;
4434;605;1;
4435;907;1;
4436;56;1;
4437;192;1;
4438;850;1;
4439;920;1;
4440;354;1;
4441;192;1;
4442;192;1;
4443;192;1;
4444;192;1;
4445;124;1;
4446;117;1;
4447;437;1;
4448;11;1;
4449;342;1;
4450;342;1;
4451;694;1;
4452;819;1;
4453;656;4;
4454;656;4;
4455;163;3;
4456;163;3;
4457;165;3;
4458;508;1;
4459;975;1;
4460;975;1;
4461;975;1;
4462;758;1;
4463;758;1;
4464;1181;1;
4465;1181;1;
4466;1140;1;
4467;1134;1;
4468;1169;1;
4469;1109;1;
4470;847;1;
4471;847;1;
4472;136;1;
4473;136;1;
4474;136;1;
4475;136;1;
4476;136;1;
4477;136;1;
4478;1181;1;
4479;975;1;
4480;975;1;
4481;975;1;
4482;975;1;
4483;975;1;
4484;975;1;
4485;975;1;
4486;975;1;
4487;975;1;
4488;975;1;
4489;975;1;
4490;975;1;
4491;975;1;
4492;975;1;
4493;975;1;
4494;192;1;
4495;192;1;
4496;192;1;
4497;192;1;
4498;192;1;
4499;173;1;
4500;975;1;
4501;317;1;
4502;310;1;
4503;310;1;
4504;310;1;
4505;317;1;
4506;317;1;
4507;317;1;
4508;317;1;
4509;317;1;
4510;310;1;
4511;317;1;
4512;975;1;
4513;975;1;
4514;975;1;
4515;975;1;
4516;975;1;
4517;975;1;
4518;975;1;
4519;338;1;
4520;338;1;
4521;344;1;
4522;190;1;
4523;332;1;
4524;14;1;
4525;14;1;
4526;14;1;
4527;14;1;
4528;14;1;
4529;14;1;
4530;1221;1;
4531;1221;1;
4532;1221;1;
4533;1221;1;
4534;1221;1;
4535;1221;1;
4536;1221;1;
4537;1221;1;
4538;1221;1;
4539;1232;1;
4540;1232;1;
4541;1232;1;
4542;506;1;
4543;506;1;
4544;506;1;
4545;519;1;
4546;1197;1;
4547;1095;1;
4548;1095;1;
4549;1095;1;
4550;1095;1;
4551;802;1;
4552;36;1;
4553;36;1;
4554;322;1;
4555;322;1;
4556;322;1;
4557;93;1;
4558;93;1;
4559;913;1;
4560;927;1;
4561;36;1;
4562;36;1;
4563;16;1;
4564;732;1;
4565;732;1;
4566;1020;1;
4567;1020;1;
4568;346;1;
4569;139;1;
4570;924;1;
4571;851;1;
4572;234;1;
4573;1233;1;
4574;1233;1;
4575;1233;1;
4576;1233;1;
4577;1224;1;
4578;1224;1;
4579;1224;1;
4580;1224;1;
4581;1224;1;
4582;1224;1;
4583;1224;1;
4584;1224;1;
4585;1224;1;
4586;48;1;
4587;3;1;
4588;589;1;
4589;812;1;
4590;812;1;
4591;516;1;
4592;516;1;
4593;467;1;
4594;117;1;
4595;595;1;
4596;1044;1;
4597;425;1;
4598;1044;1;
4599;1044;1;
4600;1044;1;
4601;869;1;
4602;857;1;
4603;171;1;
4604;3;1;
4605;3;1;
4606;981;1;
4607;981;1;
4608;981;1;
4609;981;1;
4610;640;1;
4611;36;1;
4612;36;1;
4613;48;1;
4614;896;1;
4615;900;1;
4616;896;1;
4617;106;1;
4618;106;1;
4619;1194;1;
4620;1057;1;
4621;1057;1;
4622;1057;1;
4623;1057;1;
4624;1057;1;
4625;631;1;
4626;479;1;
4627;721;1;
4628;721;1;
4629;721;1;
4630;721;1;
4631;342;1;
4632;342;1;
4633;410;1;
4634;1070;1;
4635;1097;1;
4636;917;2;
4637;917;2;
4638;917;2;
4639;917;2;
4640;975;1;
4641;975;1;
4642;975;1;
4643;975;1;
4644;975;1;
4645;975;1;
4646;975;1;
4647;1148;1;
4648;511;1;
4649;1181;1;
4650;1181;1;
4651;38;1;
4652;38;1;
4653;892;1;
4654;1202;1;
4655;1222;1;
4656;1222;1;
4657;1222;1;
4658;929;1;
4659;928;1;
4660;928;1;
4661;926;1;
4662;929;1;
4663;15;1;
4664;15;1;
4665;15;1;
4666;67;1;
4667;67;1;
4668;15;1;
4669;15;1;
4670;832;1;
4671;832;1;
4672;15;1;
4673;15;1;
4674;15;1;
4675;15;1;
4676;15;1;
4677;15;1;
4678;15;1;
4679;1087;1;
4680;15;1;
4681;15;1;
4682;15;1;
4683;15;1;
4684;15;1;
4685;15;1;
4686;15;1;
4687;26;1;
4688;26;1;
4689;928;1;
4690;928;1;
4691;881;1;
4692;882;1;
4693;928;1;
4694;929;1;
4695;929;1;
4696;928;1;
4697;929;1;
4698;87;1;
4699;87;1;
4700;961;1;
4701;961;1;
4702;536;1;
4703;536;1;
4704;536;1;
4705;536;1;
4706;536;1;
4707;536;1;
4708;536;1;
4709;17;1;
4710;536;1;
4711;536;1;
4712;536;1;
4713;536;1;
4714;536;1;
4715;536;1;
4716;536;1;
4717;536;1;
4718;959;1;
4719;959;1;
4720;959;1;
4721;959;1;
4722;959;1;
4723;959;1;
4724;959;1;
4725;959;1;
4726;959;1;
4727;959;1;
4728;959;1;
4729;964;1;
4730;439;1;
4731;928;1;
4732;928;1;
4733;928;1;
4734;928;1;
4735;928;1;
4736;929;1;
4737;928;1;
4738;609;1;
4739;1195;1;
4740;1181;1;
4741;1181;1;
4742;17;1;
4743;17;1;
4744;948;1;
4745;948;1;
4746;999;1;
4747;999;1;
4748;999;1;
4749;999;1;
4750;999;1;
4751;999;1;
4752;999;1;
4753;999;1;
4754;999;1;
4755;999;1;
4756;107;1;
4757;850;1;
4758;800;1;
4759;800;1;
4760;50;1;
4761;691;1;
4762;691;1;
4763;540;1;
4764;540;1;
4765;540;1;
4766;857;1;
4767;216;1;
4768;216;1;
4769;543;1;
4770;543;1;
4771;546;1;
4772;546;1;
4773;546;1;
4774;656;4;
4775;902;5;
4776;902;5;
4777;62;1;
4778;678;1;
4779;266;1;
4780;266;1;
4781;16;1;
4782;16;1;
4783;16;1;
4784;68;1;
4785;1109;1;
4786;1109;1;
4787;928;1;
4788;1210;1;
4789;951;5;
4790;951;5;
4791;951;5;
4792;951;5;
4793;951;5;
4794;951;5;
4795;192;1;
4796;3;1;
4797;3;1;
4798;290;1;
4799;290;1;
4800;531;1;
4801;729;1;
4802;220;1;
4803;345;1;
4804;959;1;
4805;959;1;
4806;959;1;
4807;959;1;
4808;959;1;
4809;959;1;
4810;959;1;
4811;959;1;
4812;959;1;
4813;959;1;
4814;959;1;
4815;959;1;
4816;959;1;
4817;959;1;
4818;1019;1;
4819;194;1;
4820;194;1;
4821;194;1;
4822;194;1;
4823;194;1;
4824;194;1;
4825;194;1;
4826;194;1;
4827;194;1;
4828;194;1;
4829;194;1;
4830;194;1;
4831;186;1;
4832;186;1;
4833;186;1;
4834;186;1;
4835;189;1;
4836;189;1;
4837;189;1;
4838;189;1;
4839;196;1;
4840;196;1;
4841;189;1;
4842;189;1;
4843;189;1;
4844;189;1;
4845;189;1;
4846;189;1;
4847;188;1;
4848;188;1;
4849;189;1;
4850;189;1;
4851;1025;1;
4852;1025;1;
4853;1213;1;
4854;1213;1;
4855;49;1;
4856;229;1;
4857;229;1;
4858;47;1;
4859;1162;1;
4860;535;1;
4861;535;1;
4862;535;1;
4863;139;1;
4864;139;1;
4865;946;1;
4866;946;1;
4867;946;1;
4868;946;1;
4869;90;1;
4870;90;1;
4871;90;1;
4872;90;1;
4873;90;1;
4874;90;1;
4875;90;1;
4876;90;1;
4877;3;1;
4878;1020;1;
4879;616;1;
4880;837;1;
4881;837;1;
4882;930;1;
4883;928;1;
4884;714;1;
4885;714;1;
4886;596;1;
4887;596;1;
4888;596;1;
4889;957;1;
4890;957;1;
4891;139;1;
4892;1028;1;
4893;1046;1;
4894;185;4;
4895;721;1;
4896;721;1;
4897;721;1;
4898;139;1;
4899;139;1;
4900;267;1;
4901;267;1;
4902;147;1;
4903;721;1;
4904;721;1;
4905;721;1;
4906;664;1;
4907;594;1;
4908;594;1;
4909;201;1;
4910;201;1;
4911;201;1;
4912;201;1;
4913;201;1;
4914;201;1;
4915;201;1;
4916;201;1;
4917;201;1;
4918;201;1;
4919;194;1;
4920;194;1;
4921;194;1;
4922;194;1;
4923;194;1;
4924;194;1;
4925;201;1;
4926;201;1;
4927;201;1;
4928;201;1;
4929;201;1;
4930;201;1;
4931;201;1;
4932;201;1;
4933;201;1;
4934;201;1;
4935;201;1;
4936;201;1;
4937;201;1;
4938;201;1;
4939;201;1;
4940;201;1;
4941;201;1;
4942;191;1;
4943;191;1;
4944;191;1;
4945;191;1;
4946;191;1;
4947;191;1;
4948;191;1;
4949;191;1;
4950;191;1;
4951;191;1;
4952;191;1;
4953;191;1;
4954;191;1;
4955;191;1;
4956;191;1;
4957;191;1;
4958;191;1;
4959;191;1;
4960;191;1;
4961;191;1;
4962;195;1;
4963;195;1;
4964;195;1;
4965;195;1;
4966;195;1;
4967;195;1;
4968;195;1;
4969;195;1;
4970;195;1;
4971;195;1;
4972;191;1;
4973;191;1;
4974;191;1;
4975;191;1;
4976;191;1;
4977;191;1;
4978;191;1;
4979;191;1;
4980;191;1;
4981;191;1;
4982;194;1;
4983;194;1;
4984;194;1;
4985;194;1;
4986;194;1;
4987;194;1;
4988;194;1;
4989;194;1;
4990;194;1;
4991;194;1;
4992;194;1;
4993;194;1;
4994;194;1;
4995;194;1;
4996;194;1;
4997;194;1;
4998;194;1;
4999;194;1;
5000;194;1;
5001;194;1;
5002;194;1;
5003;191;1;
5004;191;1;
5005;191;1;
5006;191;1;
5007;191;1;
5008;191;1;
5009;191;1;
5010;191;1;
5011;191;1;
5012;191;1;
5013;194;1;
5014;194;1;
5015;194;1;
5016;194;1;
5017;191;1;
5018;191;1;
5019;194;1;
5020;194;1;
5021;198;1;
5022;198;1;
5023;191;1;
5024;191;1;
5025;191;1;
5026;191;1;
5027;191;1;
5028;191;1;
5029;191;1;
5030;191;1;
5031;191;1;
5032;191;1;
5033;194;1;
5034;194;1;
5035;194;1;
5036;194;1;
5037;194;1;
5038;194;1;
5039;194;1;
5040;194;1;
5041;194;1;
5042;194;1;
5043;194;1;
5044;194;1;
5045;194;1;
5046;194;1;
5047;194;1;
5048;186;1;
5049;186;1;
5050;186;1;
5051;186;1;
5052;186;1;
5053;186;1;
5054;186;1;
5055;186;1;
5056;186;1;
5057;186;1;
5058;186;1;
5059;186;1;
5060;186;1;
5061;186;1;
5062;204;1;
5063;204;1;
5064;204;1;
5065;204;1;
5066;194;1;
5067;194;1;
5068;194;1;
5069;194;1;
5070;194;1;
5071;194;1;
5072;194;1;
5073;194;1;
5074;194;1;
5075;194;1;
5076;194;1;
5077;194;1;
5078;204;1;
5079;204;1;
5080;204;1;
5081;204;1;
5082;204;1;
5083;204;1;
5084;204;1;
5085;204;1;
5086;204;1;
5087;204;1;
5088;204;1;
5089;204;1;
5090;204;1;
5091;204;1;
5092;204;1;
5093;204;1;
5094;204;1;
5095;204;1;
5096;204;1;
5097;204;1;
5098;1140;1;
5099;135;1;
5100;1093;1;
5101;1093;1;
5102;1093;1;
5103;1093;1;
5104;858;1;
5105;510;1;
5106;586;1;
5107;199;1;
5108;199;1;
5109;199;1;
5110;199;1;
5111;199;1;
5112;199;1;
5113;199;1;
5114;199;1;
5115;115;1;
5116;1209;1;
5117;116;1;
5118;365;1;
5119;17;1;
5120;17;1;
5121;152;1;
5122;152;1;
5123;152;1;
5124;152;1;
5125;152;1;
5126;1124;1;
5127;1077;1;
5128;334;1;
5129;334;1;
5130;327;1;
5131;327;1;
5132;323;1;
5133;323;1;
5134;323;1;
5135;951;5;
5136;951;5;
5137;521;1;
5138;521;1;
5139;521;1;
5140;521;1;
5141;521;1;
5142;361;1;
5143;1150;1;
5144;1150;1;
5145;380;1;
5146;380;1;
5147;521;1;
5148;521;1;
5149;390;1;
5150;390;1;
5151;521;1;
5165;691;1;
5166;627;1;
5167;627;1;
5168;911;1;
5169;911;1;
5170;1119;1;
5171;497;1;
5172;497;1;
5173;497;1;
5174;497;1;
5175;911;1;
5176;566;1;
5177;189;1;
5178;466;1;
5179;1236;1;
5180;33;1;
5181;671;1;
5182;656;4;
5183;656;4;
5184;656;4;
5185;656;4;
5186;258;1;
5187;258;1;
5188;192;1;
5189;192;1;
5190;192;1;
5191;786;1;
5192;786;1;
5193;248;1;
5194;248;1;
5195;247;1;
5196;247;1;
5197;850;1;
5198;850;1;
5199;867;1;
5200;852;1;
5201;852;1;
5202;201;1;
5203;201;1;
5204;201;1;
5205;201;1;
5206;201;1;
5207;201;1;
5208;201;1;
5209;201;1;
5210;201;1;
5211;201;1;
5212;201;1;
5213;201;1;
5214;191;1;
5215;191;1;
5216;191;1;
5217;191;1;
5218;191;1;
5219;191;1;
5220;15;1;
5221;463;1;
5222;463;1;
5223;463;1;
5224;275;1;
5225;275;1;
5226;832;1;
5227;832;1;
5228;832;1;
5229;832;1;
5230;832;1;
5231;832;1;
5232;463;1;
5233;463;1;
5234;463;1;
5235;853;1;
5236;158;4;
5237;801;1;
5238;899;1;
5239;966;1;
5240;463;1;
5241;462;1;
5242;1202;1;
5243;22;1;
5244;22;1;
5245;417;1;
5246;435;1;
5247;906;1;
5248;906;1;
5249;530;1;
5250;530;1;
5251;672;1;
5252;503;1;
5253;14;1;
5254;503;1;
5255;1191;1;
5256;1202;1;
5257;15;1;
5258;15;1;
5259;15;1;
5260;15;1;
5261;15;1;
5262;15;1;
5263;15;1;
5264;456;1;
5265;456;1;
5266;585;1;
5267;997;1;
5268;997;1;
5269;365;1;
5270;389;1;
5271;389;1;
5272;389;1;
5273;363;1;
5274;363;1;
5275;365;1;
5276;389;1;
5277;389;1;
5278;389;1;
5279;494;1;
5280;15;1;
5281;15;1;
5282;1082;1;
5283;1082;1;
5284;1082;1;
5285;1082;1;
5286;1110;1;
5287;1110;1;
5288;1112;1;
5289;1112;1;
5290;1106;1;
5291;477;1;
5292;692;1;
5293;598;1;
5294;598;1;
5295;44;1;
5296;106;1;
5297;106;1;
5298;450;1;
5299;848;1;
5300;633;1;
5301;633;1;
5302;976;1;
5303;976;1;
5304;976;1;
5305;976;1;
5306;976;1;
5307;976;1;
5308;976;1;
5309;976;1;
5310;976;1;
5311;976;1;
5312;976;1;
5313;976;1;
5314;976;1;
5315;976;1;
5316;976;1;
5317;19;1;
5318;17;1;
5319;17;1;
5320;17;1;
5321;281;1;
5322;281;1;
5323;281;1;
5324;291;1;
5325;291;1;
5326;1229;1;
5327;9;1;
5328;17;1;
5329;964;1;
5330;809;1;
5331;990;1;
5332;959;1;
5333;959;1;
5334;17;1;
5335;9;1;
5336;9;1;
5337;9;1;
5338;9;1;
5339;9;1;
5340;9;1;
5341;843;1;
5342;843;1;
5343;808;1;
5344;808;1;
5345;964;1;
5346;856;1;
5347;856;1;
5348;65;1;
5349;65;1;
5350;65;1;
5351;17;1;
5352;759;1;
5353;759;1;
5354;759;1;
5355;619;1;
5356;619;1;
5357;314;1;
5358;314;1;
5359;314;1;
5360;797;1;
5361;797;1;
5362;797;1;
5363;247;1;
5364;247;1;
5365;885;1;
5366;885;1;
5367;885;1;
5368;245;1;
5369;722;1;
5370;722;1;
5371;361;1;
5372;885;1;
5373;1006;1;
5374;1006;1;
5375;1006;1;
5376;1006;1;
5377;1154;1;
5378;109;1;
5379;163;3;
5380;163;3;
5381;163;3;
5382;163;3;
5383;18;1;
5384;22;1;
5385;22;1;
5386;22;1;
5387;64;1;
5388;64;1;
5389;64;1;
5390;64;1;
5391;1191;1;
5392;1191;1;
5393;1191;1;
5394;951;5;
5395;951;5;
5396;951;5;
5397;951;5;
5398;951;5;
5399;951;5;
5400;1182;1;
5401;935;1;
5402;935;1;
5403;1075;1;
5404;1075;1;
5405;1006;1;
5406;1006;1;
5407;821;1;
5408;929;1;
5409;1024;1;
5410;1024;1;
5411;541;1;
5412;821;1;
5413;1210;1;
5414;1210;1;
5415;1210;1;
5416;1210;1;
5417;7;1;
5418;7;1;
5419;22;1;
5420;705;1;
5421;904;2;
5422;904;2;
5423;126;1;
5424;165;3;
5425;958;1;
5426;958;1;
5427;958;1;
5428;198;1;
5429;198;1;
5430;124;1;
5431;1073;1;
5432;1073;1;
5433;1072;1;
5434;1072;1;
5435;1072;1;
5436;1072;1;
5437;1072;1;
5438;1072;1;
5439;865;1;
5440;1190;1;
5441;494;1;
5442;628;1;
5443;628;1;
5444;628;1;
5445;809;1;
5446;809;1;
5447;494;1;
5448;836;1;
5449;836;1;
5450;836;1;
5451;836;1;
5452;168;1;
5453;168;1;
5454;975;1;
5455;975;1;
5456;975;1;
5457;975;1;
5458;975;1;
5459;975;1;
5460;975;1;
5461;975;1;
5462;975;1;
5463;198;1;
5464;186;1;
5465;186;1;
5466;186;1;
5467;186;1;
5468;865;1;
5469;865;1;
5470;1055;1;
5471;1055;1;
5472;657;4;
5473;657;4;
5474;980;1;
5475;980;1;
5476;980;1;
5477;980;1;
5478;980;1;
5479;612;1;
5480;612;1;
5481;611;1;
5482;611;1;
5483;611;1;
5484;612;1;
5485;1192;1;
5486;612;1;
5487;612;1;
5488;279;1;
5489;279;1;
5490;279;1;
5491;980;1;
5492;980;1;
5493;980;1;
5494;980;1;
5495;980;1;
5496;980;1;
5497;980;1;
5498;980;1;
5499;980;1;
5500;980;1;
5501;980;1;
5502;980;1;
5503;980;1;
5504;980;1;
5505;980;1;
5506;980;1;
5507;1040;1;
5508;122;1;
5509;1161;1;
5510;1169;1;
5511;204;1;
5512;204;1;
5513;204;1;
5514;204;1;
5515;204;1;
5516;204;1;
5517;193;1;
5518;193;1;
5519;193;1;
5520;193;1;
5521;204;1;
5522;204;1;
5523;204;1;
5524;204;1;
5525;1059;1;
5526;1059;1;
5527;1065;1;
5528;1130;1;
5529;981;1;
5530;981;1;
5531;981;1;
5532;981;1;
5533;1062;1;
5534;980;1;
5535;980;1;
5536;980;1;
5537;980;1;
5538;980;1;
5539;980;1;
5540;980;1;
5541;980;1;
5542;1015;2;
5543;836;1;
5544;836;1;
5545;836;1;
5546;836;1;
5547;941;5;
5548;941;5;
5549;980;1;
5550;980;1;
5551;980;1;
5552;980;1;
5553;260;1;
5554;260;1;
5555;413;1;
5556;413;1;
5557;106;1;
5558;106;1;
5559;796;1;
5560;796;1;
5561;796;1;
5562;796;1;
5563;585;1;
5564;585;1;
5565;1073;1;
5566;1073;1;
5567;1073;1;
5568;1073;1;
5569;1073;1;
5570;1073;1;
5571;843;1;
5572;872;1;
5573;870;1;
5574;523;1;
5575;523;1;
5576;523;1;
5577;896;1;
5578;1069;1;
5579;656;4;
5580;656;4;
5581;326;1;
5582;326;1;
5583;326;1;
5584;326;1;
5585;326;1;
5586;326;1;
5587;559;1;
5588;559;1;
5589;673;1;
5590;673;1;
5591;673;1;
5592;573;1;
5593;573;1;
5594;573;1;
5595;573;1;
5596;573;1;
5597;585;1;
5598;585;1;
5599;568;1;
5600;376;1;
5601;574;1;
5602;574;1;
5603;849;1;
5604;1130;1;
5605;1130;1;
5606;1229;1;
5607;1229;1;
5608;763;1;
5609;211;1;
5610;211;1;
5611;74;1;
5612;28;1;
5613;52;1;
5614;945;1;
5615;910;1;
5616;40;1;
5617;964;1;
5618;506;1;
5619;1030;1;
5620;61;1;
5621;62;1;
5622;62;1;
5623;62;1;
5624;62;1;
5625;62;1;
5626;62;1;
5627;62;1;
5628;62;1;
5629;62;1;
5630;1069;1;
5631;242;1;
5632;831;1;
5633;831;1;
5634;831;1;
5635;831;1;
5636;937;1;
5637;513;1;
5638;513;1;
5639;513;1;
5640;513;1;
5641;258;1;
5642;258;1;
5643;258;1;
5644;258;1;
5645;258;1;
5646;555;1;
5647;555;1;
5648;172;1;
5649;175;1;
5650;788;1;
5651;873;1;
5652;304;1;
5653;304;1;
5654;311;1;
5655;311;1;
5656;311;1;
5657;304;1;
5658;311;1;
5659;311;1;
5660;96;1;
5661;981;1;
5662;981;1;
5663;981;1;
5664;981;1;
5665;634;1;
5666;1087;1;
5667;1002;1;
5668;1002;1;
5669;1002;1;
5670;1002;1;
5671;1002;1;
5672;991;1;
5673;927;1;
5674;988;5;
5675;552;1;
5676;552;1;
5677;552;1;
5678;552;1;
5679;552;1;
5680;552;1;
5681;1038;1;
5682;1038;1;
5683;553;1;
5684;553;1;
5685;553;1;
5686;554;1;
5687;554;1;
5688;555;1;
5689;557;1;
5690;557;1;
5691;562;1;
5692;562;1;
5693;562;1;
5694;562;1;
5695;1104;1;
5696;1104;1;
5697;1000;1;
5698;1000;1;
5699;1000;1;
5700;1035;1;
5701;1035;1;
5702;135;1;
5703;894;1;
5704;894;1;
5705;44;1;
5706;44;1;
5707;976;1;
5708;976;1;
5709;976;1;
5710;976;1;
5711;1072;1;
5712;1072;1;
5713;1000;1;
5714;1000;1;
5715;969;1;
5716;969;1;
5717;969;1;
5718;969;1;
5719;1027;1;
5720;1072;1;
5721;1072;1;
5722;1072;1;
5723;1072;1;
5724;1072;1;
5725;976;1;
5726;976;1;
5727;976;1;
5728;976;1;
5729;382;1;
5730;976;1;
5731;976;1;
5732;976;1;
5733;976;1;
5734;976;1;
5735;976;1;
5736;976;1;
5737;976;1;
5738;976;1;
5739;976;1;
5740;976;1;
5741;976;1;
5742;976;1;
5743;976;1;
5744;556;1;
5745;556;1;
5746;556;1;
5747;280;1;
5748;290;1;
5749;873;1;
5750;856;1;
5751;856;1;
5752;201;1;
5753;201;1;
5754;201;1;
5755;201;1;
5756;201;1;
5757;201;1;
5758;201;1;
5759;1210;1;
5760;319;1;
5761;319;1;
5762;319;1;
5763;1002;1;
5764;1002;1;
5765;1039;1;
5766;1191;1;
5767;1191;1;
5768;645;1;
5769;623;1;
5770;831;1;
5771;831;1;
5772;515;1;
5773;515;1;
5774;515;1;
5775;610;1;
5776;1173;1;
5777;571;1;
5778;494;1;
5779;494;1;
5780;494;1;
5781;371;1;
5782;371;1;
5783;371;1;
5784;371;1;
5785;372;1;
5786;219;1;
5787;824;1;
5788;824;1;
5789;825;1;
5790;524;1;
5791;37;1;
5792;708;1;
5793;1110;1;
5794;1110;1;
5795;494;1;
5796;494;1;
5797;955;1;
5798;1044;1;
5799;1095;1;
5800;1095;1;
5801;1095;1;
5802;1095;1;
5803;1095;1;
5804;1095;1;
5805;279;1;
5806;279;1;
5807;279;1;
5808;289;1;
5809;289;1;
5810;1124;1;
5811;1144;1;
5812;1193;1;
5813;585;1;
5814;884;1;
5815;884;1;
5816;884;1;
5817;884;1;
5818;346;1;
5819;360;1;
5820;1116;1;
5821;360;1;
5822;699;1;
5823;699;1;
5824;1050;1;
5825;409;1;
5826;412;1;
5827;192;1;
5828;192;1;
5829;200;1;
5830;200;1;
5831;200;1;
5832;200;1;
5833;200;1;
5834;42;1;
5835;489;1;
5836;489;1;
5837;978;1;
5838;978;1;
5839;978;1;
5840;489;1;
5841;489;1;
5842;78;1;
5843;78;1;
5844;813;1;
5845;489;1;
5846;489;1;
5847;514;1;
5848;514;1;
5849;514;1;
5850;507;1;
5851;507;1;
5852;507;1;
5853;954;1;
5854;631;1;
5855;641;1;
5856;25;1;
5857;490;1;
5858;25;1;
5859;930;1;
5860;32;1;
5861;30;1;
5862;565;1;
5863;565;1;
5864;1079;1;
5865;1086;1;
5866;1086;1;
5867;1086;1;
5868;603;1;
5869;603;1;
5870;603;1;
5871;603;1;
5872;573;1;
5873;573;1;
5874;743;1;
5875;743;1;
5876;743;1;
5877;239;1;
5878;239;1;
5879;985;5;
5880;1008;5;
5881;1135;1;
5882;369;1;
5883;369;1;
5884;593;1;
5885;394;1;
5886;393;1;
5887;326;1;
5888;326;1;
5889;956;1;
5890;956;1;
5891;956;1;
5892;956;1;
5893;956;1;
5894;956;1;
5895;15;1;
5896;101;1;
5897;326;1;
5898;326;1;
5899;826;1;
5900;826;1;
5901;826;1;
5902;967;1;
5903;967;1;
5904;967;1;
5905;753;1;
5906;637;1;
5907;1017;1;
5908;1017;1;
5909;1017;1;
5910;1017;1;
5911;1017;1;
5912;1017;1;
5913;1017;1;
5914;3;1;
5915;580;1;
5916;646;1;
5917;1109;1;
5918;1036;2;
5919;1036;2;
5920;1065;1;
5921;1065;1;
5922;548;1;
5923;548;1;
5924;548;1;
5925;550;1;
5926;550;1;
5927;550;1;
5928;550;1;
5929;550;1;
5930;550;1;
5931;548;1;
5932;548;1;
5933;548;1;
5934;548;1;
5935;548;1;
5936;548;1;
5937;550;1;
5938;550;1;
5939;409;1;
5940;872;1;
5941;1009;1;
5942;1009;1;
5943;1009;1;
5944;1009;1;
5945;872;1;
5946;977;1;
5947;550;1;
5948;550;1;
5949;550;1;
5950;566;1;
5951;107;1;
5952;850;1;
5953;850;1;
5954;850;1;
5955;901;1;
5956;561;1;
5957;561;1;
5958;561;1;
5959;561;1;
5960;561;1;
5961;561;1;
5962;854;1;
5963;854;1;
5964;1132;1;
5965;455;1;
5966;741;1;
5967;741;1;
5968;741;1;
5969;238;1;
5970;238;1;
5971;1073;1;
5972;1073;1;
5973;1073;1;
5974;1073;1;
5975;951;5;
5976;951;5;
5977;951;5;
5978;951;5;
5979;951;5;
5980;951;5;
5981;659;1;
5982;659;1;
5983;510;1;
5984;900;1;
5985;1191;1;
5986;1191;1;
5987;360;1;
5988;414;1;
5989;414;1;
5990;495;1;
5991;842;1;
5992;842;1;
5993;754;1;
5994;754;1;
5995;760;1;
5996;760;1;
5997;708;1;
5998;708;1;
5999;708;1;
6000;708;1;
6001;557;1;
6002;557;1;
6003;8;1;
6004;8;1;
6005;8;1;
6006;903;2;
6007;1093;1;
6008;564;1;
6009;564;1;
6010;564;1;
6011;500;1;
6012;928;1;
6013;928;1;
6014;928;1;
6015;784;1;
6016;784;1;
6017;784;1;
6018;784;1;
6019;784;1;
6020;784;1;
6021;784;1;
6022;500;1;
6023;500;1;
6024;2;1;
6025;2;1;
6026;321;1;
6027;321;1;
6028;864;1;
6029;861;1;
6030;2;1;
6031;2;1;
6032;807;1;
6033;807;1;
6034;740;1;
6035;740;1;
6036;740;1;
6037;325;1;
6038;325;1;
6039;325;1;
6040;171;1;
6041;591;1;
6042;591;1;
6043;584;1;
6044;584;1;
6045;301;1;
6046;301;1;
6047;461;1;
6048;740;1;
6049;740;1;
6050;745;1;
6051;586;1;
6052;586;1;
6053;1115;1;
6054;1115;1;
6055;709;1;
6056;709;1;
6057;551;1;
6058;551;1;
6059;551;1;
6060;667;1;
6061;1190;1;
6062;1191;1;
6063;1191;1;
6064;1027;1;
6065;1094;1;
6066;737;1;
6067;839;1;
6068;839;1;
6069;656;4;
6070;656;4;
6071;101;1;
6072;942;1;
6073;942;1;
6074;942;1;
6075;942;1;
6076;942;1;
6077;770;1;
6078;770;1;
6079;769;1;
6080;347;1;
6081;347;1;
6082;353;1;
6083;353;1;
6084;347;1;
6085;591;1;
6086;591;1;
6087;309;1;
6088;316;1;
6089;316;1;
6090;383;1;
6091;383;1;
6092;383;1;
6093;687;1;
6094;687;1;
6095;687;1;
6096;687;1;
6097;687;1;
6098;687;1;
6099;687;1;
6100;687;1;
6101;687;1;
6102;687;1;
6103;687;1;
6104;264;1;
6105;264;1;
6106;631;1;
6107;631;1;
6108;308;1;
6109;308;1;
6110;315;1;
6111;259;1;
6112;259;1;
6113;1093;1;
6114;1093;1;
6115;1093;1;
6116;1093;1;
6117;1093;1;
6118;1093;1;
6119;1093;1;
6120;107;1;
6121;107;1;
6122;501;1;
6123;866;1;
6124;347;1;
6125;347;1;
6126;353;1;
6127;353;1;
6128;400;1;
6129;347;1;
6130;347;1;
6131;353;1;
6132;353;1;
6133;631;1;
6134;1140;1;
6135;455;1;
6136;666;1;
6137;538;1;
6138;538;1;
6139;537;1;
6140;537;1;
6141;792;1;
6142;792;1;
6143;792;1;
6144;792;1;
6145;305;1;
6146;312;1;
6147;567;1;
6148;834;1;
6149;865;1;
6150;865;1;
6151;865;1;
6152;865;1;
6153;865;1;
6154;1191;1;
6155;1191;1;
6156;66;1;
6157;66;1;
6158;1140;1;
6159;130;1;
6160;774;1;
6161;531;1;
6162;595;1;
6163;140;1;
6164;539;1;
6165;37;1;
6166;842;1;
6167;842;1;
6168;847;1;
6169;847;1;
6170;1166;1;
6171;1037;1;
6172;1037;1;
6173;1086;1;
6174;887;1;
6175;887;1;
6176;130;1;
6177;1086;1;
6178;1088;1;
6179;130;1;
6180;1002;1;
6181;1002;1;
6182;885;1;
6183;885;1;
6184;1086;1;
6185;1086;1;
6186;24;1;
6187;24;1;
6188;394;1;
6189;369;1;
6190;949;1;
6191;949;1;
6192;949;1;
6193;145;1;
6194;528;1;
6195;145;1;
6196;131;1;
6197;131;1;
6198;161;4;
6199;653;1;
6200;873;1;
6201;581;1;
6202;1157;1;
6203;1134;1;
6204;1134;1;
6205;1134;1;
6206;1134;1;
6207;1134;1;
6208;1134;1;
6209;1134;1;
6210;992;1;
6211;1004;1;
6212;1004;1;
6213;1169;1;
6214;1169;1;
6215;947;1;
6216;947;1;
6217;947;1;
6218;947;1;
6219;414;1;
6220;414;1;
6221;769;1;
6222;746;1;
6223;76;1;
6224;492;1;
6225;492;1;
6226;232;1;
6227;232;1;
6228;344;1;
6229;874;1;
6230;232;1;
6231;232;1;
6232;442;1;
6233;442;1;
6234;205;1;
6235;923;5;
6236;94;1;
6237;30;1;
6238;30;1;
6239;30;1;
6240;157;1;
6241;157;1;
6242;157;1;
6243;157;1;
6244;157;1;
6245;189;1;
6246;189;1;
6247;1172;1;
6248;344;1;
6249;344;1;
6250;338;1;
6251;338;1;
6252;401;1;
6253;1080;1;
6254;243;1;
6255;243;1;
6256;243;1;
6257;964;1;
6258;964;1;
6259;401;1;
6260;982;1;
6261;982;1;
6262;982;1;
6263;982;1;
6264;1218;1;
6265;405;1;
6266;405;1;
6267;241;1;
6268;524;1;
6269;24;1;
6270;24;1;
6271;24;1;
6272;24;1;
6273;564;1;
6274;564;1;
6275;564;1;
6276;564;1;
6277;602;1;
6278;602;1;
6279;602;1;
6280;602;1;
6281;12;1;
6282;12;1;
6283;943;1;
6284;943;1;
6285;943;1;
6286;943;1;
6287;1081;1;
6288;572;1;
6289;572;1;
6290;572;1;
6291;20;1;
6292;20;1;
6293;302;1;
6294;302;1;
6295;302;1;
6296;302;1;
6297;225;1;
6298;772;1;
6299;471;1;
6300;648;1;
6301;430;1;
6302;962;1;
6303;847;1;
6304;344;1;
6305;189;1;
6306;189;1;
6307;344;1;
6308;142;1;
6309;145;1;
6310;1174;1;
6311;1174;1;
6312;189;1;
6313;189;1;
6314;604;1;
6315;97;1;
6316;97;1;
6317;645;1;
6318;196;1;
6319;196;1;
6320;841;1;
6321;1121;1;
6322;118;1;
6323;118;1;
6324;118;1;
6325;927;1;
6326;33;1;
6327;200;1;
6328;1028;1;
6329;199;1;
6330;109;1;
6331;1112;1;
6332;1110;1;
6333;1110;1;
6334;1109;1;
6335;1101;1;
6336;1086;1;
6337;539;1;
6338;539;1;
6339;744;1;
6340;928;1;
6341;928;1;
6342;928;1;
6343;929;1;
6344;885;1;
6345;885;1;
6346;885;1;
6347;885;1;
6348;885;1;
6349;811;1;
6350;308;1;
6351;308;1;
6352;585;1;
6353;130;1;
6354;9;1;
6355;15;1;
6356;904;2;
6357;904;2;
6358;914;1;
6359;914;1;
6360;556;1;
6361;556;1;
6362;556;1;
6363;398;1;
6364;520;1;
6365;520;1;
6366;923;5;
6367;244;1;
6368;244;1;
6369;1223;1;
6370;1223;1;
6371;1223;1;
6372;1223;1;
6373;1223;1;
6374;1223;1;
6375;326;1;
6376;326;1;
6377;326;1;
6378;326;1;
6379;185;4;
6380;185;4;
6381;559;1;
6382;559;1;
6383;559;1;
6384;559;1;
6385;559;1;
6386;559;1;
6387;568;1;
6388;1117;1;
6389;149;1;
6390;149;1;
6391;149;1;
6392;149;1;
6393;149;1;
6394;149;1;
6395;149;1;
6396;149;1;
6397;149;1;
6398;354;1;
6399;354;1;
6400;354;1;
6401;354;1;
6402;354;1;
6403;355;1;
6404;888;1;
6405;485;1;
6406;597;1;
6407;115;1;
6408;597;1;
6409;1220;1;
6410;1220;1;
6411;500;1;
6412;597;1;
6413;1214;1;
6414;1214;1;
6415;486;1;
6416;486;1;
6417;502;1;
6418;502;1;
6419;40;1;
6420;40;1;
6421;40;1;
6422;40;1;
6423;40;1;
6424;40;1;
6425;40;1;
6426;457;1;
6427;433;1;
6428;764;1;
6429;318;1;
6430;318;1;
6431;306;1;
6432;306;1;
6433;306;1;
6434;313;1;
6435;313;1;
6436;313;1;
6437;313;1;
6438;313;1;
6439;624;1;
6440;1013;1;
6441;624;1;
6442;986;1;
6443;622;1;
6444;622;1;
6445;622;1;
6446;590;1;
6447;590;1;
6448;867;1;
6449;252;1;
6450;674;1;
6451;266;1;
6452;266;1;
6453;225;1;
6454;1037;1;
6455;1037;1;
6456;1037;1;
6457;1037;1;
6458;1037;1;
6459;262;1;
6460;262;1;
6461;262;1;
6462;265;1;
6463;265;1;
6464;135;1;
6465;225;1;
6466;225;1;
6467;225;1;
6468;668;1;
6469;668;1;
6470;225;1;
6471;266;1;
6472;266;1;
6473;143;1;
6474;374;1;
6475;726;1;
6476;726;1;
6477;631;1;
6478;893;1;
6479;897;1;
6480;897;1;
6481;172;1;
6482;172;1;
6483;172;1;
6484;175;1;
6485;1210;1;
6486;773;1;
6487;1006;1;
6488;1006;1;
6489;909;1;
6490;635;1;
6491;779;1;
6492;779;1;
6493;779;1;
6494;779;1;
6495;779;1;
6496;1009;1;
6497;1009;1;
6498;1009;1;
6499;1009;1;
6500;1009;1;
6501;1009;1;
6502;253;1;
6503;254;1;
6504;143;1;
6505;1095;1;
6506;1070;1;
6507;1073;1;
6508;1073;1;
6509;1089;1;
6510;1089;1;
6511;1069;1;
6512;1069;1;
6513;1077;1;
6514;1089;1;
6515;1069;1;
6516;1069;1;
6517;301;1;
6518;301;1;
6519;1047;1;
6520;929;1;
6521;929;1;
6522;829;1;
6523;489;1;
6524;489;1;
6525;489;1;
6526;489;1;
6527;489;1;
6528;489;1;
6529;604;1;
6530;604;1;
6531;604;1;
6532;604;1;
6533;494;1;
6534;494;1;
6535;494;1;
6536;494;1;
6537;185;4;
6538;1100;1;
6539;96;1;
6540;701;1;
6541;655;1;
6542;656;4;
6543;1146;1;
6544;494;1;
6545;494;1;
6546;494;1;
6547;494;1;
6548;704;1;
6549;704;1;
6550;703;1;
6551;815;1;
6552;179;1;
6553;636;1;
6554;633;1;
6555;633;1;
6556;631;1;
6557;633;1;
6558;633;1;
6559;1142;1;
6560;455;1;
6561;622;1;
6562;619;1;
6563;619;1;
6564;619;1;
6565;619;1;
6566;619;1;
6567;619;1;
6568;619;1;
6569;619;1;
6570;373;1;
6571;631;1;
6572;1141;1;
6573;465;1;
6574;535;1;
6575;535;1;
6576;535;1;
6577;1191;1;
6578;1176;1;
6579;1225;1;
6580;1225;1;
6581;1225;1;
6582;1225;1;
6583;255;1;
6584;1185;1;
6585;109;1;
6586;179;1;
6587;1188;1;
6588;708;1;
6589;708;1;
6590;708;1;
6591;107;1;
6592;362;1;
6593;362;1;
6594;998;1;
6595;998;1;
6596;16;1;
6610;841;1;
6611;841;1;
6612;188;1;
6613;188;1;
6614;38;1;
6615;604;1;
6616;604;1;
6617;604;1;
6618;604;1;
6619;604;1;
6620;604;1;
6621;643;1;
6622;747;1;
6623;747;1;
6624;38;1;
6625;631;1;
6626;631;1;
6627;1007;1;
6628;1007;1;
6629;657;4;
6630;563;1;
6631;563;1;
6632;1169;1;
6633;1170;1;
6634;499;1;
6635;750;1;
6636;750;1;
6637;947;1;
6638;947;1;
6639;947;1;
6640;985;5;
6641;985;5;
6642;1093;1;
6643;153;1;
6644;153;1;
6645;153;1;
6646;153;1;
6647;499;1;
6648;848;1;
6649;816;1;
6650;700;1;
6651;700;1;
6652;30;1;
6653;1227;1;
6654;1227;1;
6655;1227;1;
6656;1227;1;
6657;1227;1;
6658;66;1;
6659;982;1;
6660;982;1;
6661;982;1;
6662;982;1;
6663;999;1;
6664;999;1;
6665;928;1;
6666;899;1;
6667;44;1;
6668;44;1;
6669;44;1;
6670;44;1;
6671;44;1;
6672;44;1;
6673;1098;1;
6674;1169;1;
6675;787;1;
6676;251;1;
6677;1041;2;
6678;1123;1;
6679;448;1;
6680;448;1;
6681;448;1;
6682;1122;1;
6683;727;1;
6684;727;1;
6685;1051;1;
6686;711;1;
6687;1199;1;
6688;1180;1;
6689;1126;1;
6690;1126;1;
6691;1126;1;
6692;1126;1;
6693;1126;1;
6694;1126;1;
6695;1126;1;
6696;1126;1;
6697;715;1;
6698;715;1;
6699;343;1;
6700;343;1;
6701;922;5;
6702;1187;1;
6703;776;1;
6704;9;1;
6705;9;1;
6706;297;1;
6707;297;1;
6708;297;1;
6709;9;1;
6710;1143;1;
6711;132;1;
6712;497;1;
6713;497;1;
6714;497;1;
6715;497;1;
6716;997;1;
6717;997;1;
6718;997;1;
6719;629;1;
6720;629;1;
6721;1179;1;
6722;749;1;
6723;970;1;
6724;970;1;
6725;970;1;
6726;970;1;
6727;849;1;
6728;849;1;
6729;536;1;
6730;536;1;
6731;185;4;
6732;1208;1;
6733;1208;1;
6734;1208;1;
6735;633;1;
6736;633;1;
6737;631;1;
6738;232;1;
6739;232;1;
6740;853;1;
6741;853;1;
6742;1095;1;
6743;1095;1;
6744;1095;1;
6745;1095;1;
6746;1096;1;
6747;1006;1;
6748;1006;1;
6749;1006;1;
6750;1006;1;
6751;419;1;
6752;489;1;
6753;489;1;
6754;1022;1;
6755;1022;1;
6756;1022;1;
6757;630;1;
6758;558;1;
6759;558;1;
6760;561;1;
6761;561;1;
6762;561;1;
6763;561;1;
6764;117;1;
6765;117;1;
6766;117;1;
6767;117;1;
6768;117;1;
6769;117;1;
6770;117;1;
6771;117;1;
6772;117;1;
6773;117;1;
6774;554;1;
6775;554;1;
6776;554;1;
6777;554;1;
6778;554;1;
6779;554;1;
6780;554;1;
6781;554;1;
6782;117;1;
6783;117;1;
6784;117;1;
6785;117;1;
6786;35;1;
6787;576;1;
6788;576;1;
6789;576;1;
6790;576;1;
6791;896;1;
6792;36;1;
6793;36;1;
6794;36;1;
6795;36;1;
6796;36;1;
6797;602;1;
6798;782;1;
6799;782;1;
6800;988;5;
6801;988;5;
6802;988;5;
6803;602;1;
6804;602;1;
6805;602;1;
6806;602;1;
6807;602;1;
6808;896;1;
6809;896;1;
6810;981;1;
6811;981;1;
6812;981;1;
6813;981;1;
6814;342;1;
6815;342;1;
6816;896;1;
6817;896;1;
6818;896;1;
6819;896;1;
6820;896;1;
6821;933;1;
6822;896;1;
6823;896;1;
6824;1059;1;
6825;36;1;
6826;36;1;
6827;16;1;
6828;287;1;
6829;287;1;
6830;296;1;
6831;364;1;
6832;364;1;
6833;364;1;
6834;413;1;
6835;413;1;
6836;625;1;
6837;373;1;
6838;618;1;
6839;618;1;
6840;1007;1;
6841;757;1;
6842;975;1;
6843;975;1;
6844;975;1;
6845;975;1;
6846;975;1;
6847;975;1;
6848;1122;1;
6849;1122;1;
6850;1122;1;
6851;791;1;
6852;599;1;
6853;975;1;
6854;975;1;
6855;975;1;
6856;975;1;
6857;975;1;
6858;975;1;